District,Member,ID_Twitter,url_compte,Party,Prior experience,Education,Assumed office,Residence,Born[2]
Alabama 1,Jerry Carl,RepJerryCarl,https://twitter.com/RepJerryCarl,Republican,Mobile County Commission,Florida Gateway College,2021,Mobile,"June 17, 1958 (age 64)"
Alabama 2,Barry Moore,RepBarryMoore,https://twitter.com/RepBarryMoore,Republican,Alabama House of Representatives,"Enterprise State Community College (AS)
Auburn University (BS)",2021,Enterprise,"September 26, 1966 (age 55)"
Alabama 3,Mike Rogers,RepMikeRogersAL,https://twitter.com/RepMikeRogersAL,Republican,"Calhoun County Commissioner
Alabama House of Representatives","Jacksonville State University (BA, MPA)
Birmingham School of Law (JD)",2003,Anniston[3],"July 16, 1958 (age 64)"
Alabama 4,Robert Aderholt,Robert_Aderholt,https://twitter.com/Robert_Aderholt,Republican,Haleyville Municipal Judge,"University of North Alabama
Birmingham–Southern College (BA)
Samford University (JD)",1997,Haleyville,"July 22, 1965 (age 57)"
Alabama 5,Mo Brooks,RepMoBrooks,https://twitter.com/RepMoBrooks,Republican,"Alabama House of Representatives
Madison County Commissioner","Duke University (BA)
University of Alabama (JD)",2011,Huntsville,"April 29, 1954 (age 68)"
Alabama 6,Gary Palmer,USRepGaryPalmer,https://twitter.com/USRepGaryPalmer,Republican,Policy analyst,University of Alabama (BS),2015,Hoover,"May 14, 1954 (age 68)"
Alabama 7,Terri Sewell,RepTerriSewell,https://twitter.com/RepTerriSewell,Democratic,Attorney,"Princeton University (BA)
St Hilda's College, Oxford (MA)
Harvard University (JD)",2011,Birmingham,"January 1, 1965 (age 57)"
Arizona 1,Tom O'Halleran,RepOHalleran,https://twitter.com/RepOHalleran,Democratic,Arizona Senate,"Lewis University
DePaul University",2017,Sedona,"January 24, 1946 (age 76)"
Arizona 2,Ann Kirkpatrick,RepKirkpatrick,https://twitter.com/RepKirkpatrick,Democratic,"U.S. House
Arizona House of Representatives","University of Arizona (BA, JD)",2019,Tucson,"March 24, 1950 (age 72)"
Arizona 3,Raúl Grijalva,RepRaulGrijalva,https://twitter.com/RepRaulGrijalva,Democratic,Pima County Board of Supervisors,University of Arizona (BA),2003,Tucson,"February 19, 1948 (age 74)"
Arizona 4,Paul Gosar,RepGosar,https://twitter.com/RepGosar,Republican,President of the Northern Arizona Dental Society,"Creighton University (BS, DDS)",2011,Prescott,"November 27, 1958 (age 63)"
Arizona 5,Andy Biggs,RepAndyBiggsAZ,https://twitter.com/RepAndyBiggsAZ,Republican,Arizona Senate,"Brigham Young University (BA)
University of Arizona (JD)
Arizona State University, Phoenix (MA)",2017,Gilbert,"November 7, 1958 (age 63)"
Arizona 6,David Schweikert,RepDavid,https://twitter.com/RepDavid,Republican,"Arizona House of Representatives
Arizona Board of Education
Arizona Board of Equalization
Maricopa County Treasurer","Arizona State University, Tempe (BS, MBA)",2011,Fountain Hills[4],"March 3, 1962 (age 60)"
Arizona 7,Ruben Gallego,RepRubenGallego,https://twitter.com/RepRubenGallego,Democratic,Arizona House of Representatives,Harvard University (BA),2015,Phoenix,"November 20, 1979 (age 42)"
Arizona 8,Debbie Lesko,RepDLesko,https://twitter.com/RepDLesko,Republican,"Arizona House of Representatives
Arizona Senate
President Pro Tempore of Arizona Senate",University of Wisconsin–Madison (BA),2018 (special),Peoria,"November 14, 1958 (age 63)"
Arizona 9,Greg Stanton,RepGregStanton,https://twitter.com/RepGregStanton,Democratic,Mayor of Phoenix,"Marquette University (BA)
University of Michigan (JD)",2019,Phoenix,"March 8, 1970 (age 52)"
Arkansas 1,Rick Crawford,RepRickCrawford,https://twitter.com/RepRickCrawford,Republican,"Broadcaster
Businessman",Arkansas State University (BS),2011,Jonesboro,"January 22, 1966 (age 56)"
Arkansas 2,French Hill,RepFrenchHill,https://twitter.com/RepFrenchHill,Republican,Businessman,Vanderbilt University (BS),2015,Little Rock,"December 5, 1956 (age 65)"
Arkansas 3,Steve Womack,rep_stevewomack,https://twitter.com/rep_stevewomack,Republican,Mayor of Rogers,Arkansas Tech University (BA),2011,Rogers,"February 18, 1957 (age 65)"
Arkansas 4,Bruce Westerman,RepWesterman,https://twitter.com/RepWesterman,Republican,Arkansas House of Representatives,"University of Arkansas (BS)
Yale University (MS)",2015,Hot Springs,"November 18, 1967 (age 54)"
California 1,Doug LaMalfa,RepLaMalfa,https://twitter.com/RepLaMalfa,Republican,"California State Senate
California State Assembly","Butte College
California Polytechnic State University (BS)",2013,Oroville[5],"July 2, 1960 (age 62)"
California 2,Jared Huffman,RepHuffman,https://twitter.com/RepHuffman,Democratic,California State Assembly,"University of California, Santa Barbara (BA)
Boston College (JD)",2013,San Rafael,"February 18, 1964 (age 58)"
California 3,John Garamendi,RepGaramendi,https://twitter.com/RepGaramendi,Democratic,"United States Deputy Secretary of the Interior
Lieutenant Governor of California
California Insurance Commissioner
California State Senate
California State Assembly","University of California, Berkeley (BA)
Harvard University (MBA)",2009 (special),Walnut Grove,"January 24, 1945 (age 77)"
California 4,Tom McClintock,RepMcClintock,https://twitter.com/RepMcClintock,Republican,"California Senate
California State Assembly","University of California, Los Angeles (BA)",2009,Elk Grove,"July 10, 1956 (age 66)"
California 5,Mike Thompson,RepThompson,https://twitter.com/RepThompson,Democratic,California State Senate,"Napa Valley College
California State University, Chico (BA, MPA)",1999,St. Helena,"January 24, 1951 (age 71)"
California 6,Doris Matsui,DorisMatsui,https://twitter.com/DorisMatsui,Democratic,Sacramento City Council,"University of California, Berkeley (BA)",2005 (special),Sacramento,"September 25, 1944 (age 77)"
California 7,Ami Bera,RepBera,https://twitter.com/RepBera,Democratic,Chief Medical Officer of Sacramento County,"University of California, Irvine (BS, MD)",2013,Elk Grove,"March 2, 1965 (age 57)"
California 8,Jay Obernolte,JayObernolte,https://twitter.com/JayObernolte,Republican,"California State Assembly
Video game developer","California Institute of Technology (BS) University of California, Los Angeles (MS)",2021,Big Bear Lake,"August 18, 1970 (age 52)"
California 9,Jerry McNerney,RepMcNerney,https://twitter.com/RepMcNerney,Democratic,Engineering executive,"United States Military Academy
University of New Mexico (BS, MS, PhD)",2007,Stockton,"June 18, 1951 (age 71)"
California 10,Josh Harder,RepJoshHarder,https://twitter.com/RepJoshHarder,Democratic,"Venture capitalist
Professor","Stanford University (BA)
Harvard University (MBA, MPP)",2019,Turlock,"August 1, 1986 (age 36)"
California 11,Mark DeSaulnier,RepDeSaulnier,https://twitter.com/RepDeSaulnier,Democratic,"California State Senate
California State Assembly
Contra Costa County Board of Supervisors",College of the Holy Cross (BA),2015,Concord,"March 31, 1952 (age 70)"
California 12,Nancy Pelosi,SpeakerPelosi,https://twitter.com/SpeakerPelosi,Democratic,California Democratic Party Chair,Trinity Washington University (BA),1987 (special),San Francisco,"March 26, 1940 (age 82)"
California 13,Barbara Lee,RepBarbaraLee,https://twitter.com/RepBarbaraLee,Democratic,California State Assembly,"Mills College (BA)
University of California, Berkeley (MSW)",1998 (special),Oakland,"July 16, 1946 (age 76)"
California 14,Jackie Speier,RepSpeier,https://twitter.com/RepSpeier,Democratic,"California State Senate
California State Assembly
San Mateo County Board of Supervisors","University of California, Davis (BA)
University of California, Hastings (JD)",2008 (special),Hillsborough,"May 14, 1950 (age 72)"
California 15,Eric Swalwell,RepSwalwell,https://twitter.com/RepSwalwell,Democratic,Dublin City Council,"Campbell University
University of Maryland, College Park (BA)
University of Maryland, Baltimore (JD)",2013,Dublin,"November 16, 1980 (age 41)"
California 16,Jim Costa,RepJimCosta,https://twitter.com/RepJimCosta,Democratic,"California State Senate
California State Assembly","California State University, Fresno (BA)",2005,Fresno,"April 13, 1952 (age 70)"
California 17,Ro Khanna,RepRoKhanna,https://twitter.com/RepRoKhanna,Democratic,"Attorney
Author
Educator","University of Chicago (BA)
Yale University (JD)",2017,Fremont,"September 13, 1976 (age 45)"
California 18,Anna Eshoo,RepAnnaEshoo,https://twitter.com/RepAnnaEshoo,Democratic,San Mateo County Board of Supervisors,Cañada College,1993,Atherton,"December 13, 1942 (age 79)"
California 19,Zoe Lofgren,RepZoeLofgren,https://twitter.com/RepZoeLofgren,Democratic,Santa Clara County Board of Supervisors,"Stanford University (BA)
Santa Clara University(JD)",1995,San Jose,"December 21, 1947 (age 74)"
California 20,Jimmy Panetta,RepJimmyPanetta,https://twitter.com/RepJimmyPanetta,Democratic,Deputy district attorney of Monterey County,"Monterey Peninsula College
University of California, Davis (BA)
Santa Clara University(JD)",2017,Carmel Valley,"October 1, 1969 (age 52)"
California 21,David Valadao,RepDavidValadao,https://twitter.com/RepDavidValadao,Republican,"U.S. House
California State Assembly
Farmer",College of the Sequoias,2021,Hanford,"April 14, 1977 (age 45)"
California 22,Connie Conway,RepConnieConway,https://twitter.com/RepConnieConway,Republican,California State Assembly,"College of the Sequoias
California State University, Fresno",2022 (special),Tulare,"September 25, 1950 (age 71)"
California 23,Kevin McCarthy,GOPLeader,https://twitter.com/GOPLeader,Republican,California State Assembly,"California State University, Bakersfield (BS, MBA)",2007,Bakersfield,"January 26, 1965 (age 57)"
California 24,Salud Carbajal,RepCarbajal,https://twitter.com/RepCarbajal,Democratic,Santa Barbara County Board of Supervisors,"University of California, Santa Barbara (BA)
Fielding Graduate University (MA)",2017,Santa Barbara,"November 18, 1964 (age 57)"
California 25,Mike Garcia,RepMikeGarcia,https://twitter.com/RepMikeGarcia,Republican,"Businessman
United States Navy","United States Naval Academy (BS)
Georgetown University (MA)",2020 (special),Santa Clarita,"April 24, 1976 (age 46)"
California 26,Julia Brownley,RepBrownley,https://twitter.com/RepBrownley,Democratic,California State Assembly,"George Washington University (BA)
American University (MBA)",2013,Westlake Village[6],"August 28, 1952 (age 70)"
California 27,Judy Chu,RepJudyChu,https://twitter.com/RepJudyChu,Democratic,"Mayor of Monterey Park
Monterey Park City Council
California State Assembly
California State Board of Equalization","University of California, Los Angeles (BA)
Alliant International University (MA, PhD)",2009 (special),Monterey Park,"July 7, 1953 (age 69)"
California 28,Adam Schiff,RepAdamSchiff,https://twitter.com/RepAdamSchiff,Democratic,"California State Senate
Assistant Prosecutor for the
United States Attorney for the Southern District of California","Stanford University (BA)
Harvard University (JD)",2001,Burbank,"June 22, 1960 (age 62)"
California 29,Tony Cárdenas,RepCardenas,https://twitter.com/RepCardenas,Democratic,Los Angeles City Council,"University of California, Santa Barbara (BS)",2013,Pacoima[7],"March 31, 1963 (age 59)"
California 30,Brad Sherman,BradSherman,https://twitter.com/BradSherman,Democratic,California Board of Equalization,"University of California, Los Angeles (BA)
Harvard University (JD)",1997,Sherman Oaks,"October 24, 1954 (age 67)"
California 31,Pete Aguilar,RepPeteAguilar,https://twitter.com/RepPeteAguilar,Democratic,Mayor of Redlands,University of Redlands (BS),2015,Redlands,"June 19, 1979 (age 43)"
California 32,Grace Napolitano,gracenapolitano,https://twitter.com/gracenapolitano,Democratic,California State Assembly,"Cerritos College
Texas Southmost College",1999,Norwalk,"December 4, 1936 (age 85)"
California 33,Ted Lieu,RepTedLieu,https://twitter.com/RepTedLieu,Democratic,"California State Senate
California State Assembly","Stanford University (BA, BS)
Georgetown University (JD)",2015,Torrance,"March 29, 1969 (age 53)"
California 34,Jimmy Gomez,RepJimmyGomez,https://twitter.com/RepJimmyGomez,Democratic,California State Assembly,"University of California, Los Angeles (BA)
Harvard University (MPP)",2017 (special),Los Angeles,"November 25, 1974 (age 47)"
California 35,Norma Torres,NormaJTorres,https://twitter.com/NormaJTorres,Democratic,"California State Senate
California State Assembly
Mayor of Pomona",National Labor College (BA),2015,Pomona,"April 4, 1965 (age 57)"
California 36,Raul Ruiz,RepRaulRuizMD,https://twitter.com/RepRaulRuizMD,Democratic,Emergency physician,"University of California, Los Angeles (BS)
Harvard University (MD, MPP, MPH)",2013,Coachella[8],"August 25, 1972 (age 50)"
California 37,Karen Bass,RepKarenBass,https://twitter.com/RepKarenBass,Democratic,Speaker of the California State Assembly,"San Diego State University
California State University, Dominguez Hills (BS)",2011,Los Angeles[9],"October 3, 1953 (age 68)"
California 38,Linda Sánchez,RepLindaSanchez,https://twitter.com/RepLindaSanchez,Democratic,Attorney,"University of California, Berkeley (BA)
University of California, Los Angeles (JD)",2003,Whittier[10],"January 28, 1969 (age 53)"
California 39,Young Kim,YoungKimCA,https://twitter.com/YoungKimCA,Republican,California State Assembly,University of Southern California (BBA),2021,La Habra,"October 18, 1962 (age 59)"
California 40,Lucille Roybal-Allard,RepRoybalAllard,https://twitter.com/RepRoybalAllard,Democratic,California State Assembly Public relations executive,"California State University, Los Angeles (BA)",1993,Downey,"June 12, 1941 (age 81)"
California 41,Mark Takano,RepMarkTakano,https://twitter.com/RepMarkTakano,Democratic,Teacher,"Harvard University (BA)
University of California, Riverside (MFA)",2013,Riverside,"December 10, 1960 (age 61)"
California 42,Ken Calvert,KenCalvert,https://twitter.com/KenCalvert,Republican,Real estate executive,"Chaffey College
San Diego State University (BA)",1993,Corona,"June 8, 1953 (age 69)"
California 43,Maxine Waters,RepMaxineWaters,https://twitter.com/RepMaxineWaters,Democratic,California State Assembly,"California State University, Los Angeles (BA)",1991,Los Angeles[11],"August 15, 1938 (age 84)"
California 44,Nanette Barragán,RepBarragan,https://twitter.com/RepBarragan,Democratic,Hermosa Beach City Council,"University of California, Los Angeles (BA)
University of Southern California (JD)",2017,San Pedro,"September 15, 1976 (age 45)"
California 45,Katie Porter,RepKatiePorter,https://twitter.com/RepKatiePorter,Democratic,"Attorney
Professor","Yale University (BA)
Harvard University (JD)",2019,Irvine,"January 3, 1974 (age 48)"
California 46,Lou Correa,RepLouCorrea,https://twitter.com/RepLouCorrea,Democratic,"California State Senate
Orange County Board of Supervisors
California State Assembly","California State University, Fullerton (BA)
University of California, Los Angeles (JD, MBA)",2017,Santa Ana,"January 24, 1958 (age 64)"
California 47,Alan Lowenthal,RepLowenthal,https://twitter.com/RepLowenthal,Democratic,"California State Senate
California State Assembly","Hobart College (BA)
Ohio State University (MA, PhD)",2013,Long Beach,"March 8, 1941 (age 81)"
California 48,Michelle Steel,RepSteel,https://twitter.com/RepSteel,Republican,"Orange County Board of Supervisors
California State Board of Equalization","Pepperdine University (BA)
University of Southern California (MBA)",2021,Surfside,"June 21, 1955 (age 67)"
California 49,Mike Levin,RepMikeLevin,https://twitter.com/RepMikeLevin,Democratic,Environmental activist,"Stanford University (BA)
Duke University (JD)",2019,San Juan Capistrano,"October 20, 1978 (age 43)"
California 50,Darrell Issa,repdarrellissa,https://twitter.com/repdarrellissa,Republican,"Businessman
U.S. House",Siena Heights University (BA),2021,San Diego[12],"November 1, 1953 (age 68)"
California 51,Juan Vargas,RepJuanVargas,https://twitter.com/RepJuanVargas,Democratic,"California State Senate
California State Assembly
San Diego City Council","University of San Diego (BA)
Fordham University (MA)
Harvard University (JD)",2013,San Diego[13],"March 7, 1961 (age 61)"
California 52,Scott Peters,RepScottPeters,https://twitter.com/RepScottPeters,Democratic,"San Diego City Council
San Diego Port Commission","Duke University (BA)
New York University (JD)",2013,San Diego[14],"June 17, 1958 (age 64)"
California 53,Sara Jacobs,RepSaraJacobs,https://twitter.com/RepSaraJacobs,Democratic,"Nonprofit founder
Policy advisor","Columbia University (BA, MIA)",2021,San Diego,"February 1, 1989 (age 33)"
Colorado 1,Diana DeGette,RepDianaDeGette,https://twitter.com/RepDianaDeGette,Democratic,Colorado House of Representatives,"Colorado College (BA)
New York University (JD)",1997,Denver,"July 29, 1957 (age 65)"
Colorado 2,Joe Neguse,RepJoeNeguse,https://twitter.com/RepJoeNeguse,Democratic,"Executive Director of the Colorado Department of Regulatory Agencies
Regents of the University of Colorado","University of Colorado, Boulder (BA, JD)",2019,Lafayette[15],"May 13, 1984 (age 38)"
Colorado 3,Lauren Boebert,RepBoebert,https://twitter.com/RepBoebert,Republican,"Businesswoman
Restaurateur",–,2021,Silt,"December 15, 1986 (age 35)"
Colorado 4,Ken Buck,RepKenBuck,https://twitter.com/RepKenBuck,Republican,Weld County District Attorney,"Princeton University (BA)
University of Wyoming (JD)",2015,Windsor[16],"February 16, 1959 (age 63)"
Colorado 5,Doug Lamborn,RepDLamborn,https://twitter.com/RepDLamborn,Republican,"President Pro Tempore of the Colorado Senate
Colorado House of Representatives","University of Kansas (BS, JD)",2007,Colorado Springs,"May 24, 1954 (age 68)"
Colorado 6,Jason Crow,RepJasonCrow,https://twitter.com/RepJasonCrow,Democratic,"Attorney
U.S. Army Captain","University of Wisconsin, Madison (BA)
University of Denver (JD)",2019,Centennial[17],"March 15, 1979 (age 43)"
Colorado 7,Ed Perlmutter,RepPerlmutter,https://twitter.com/RepPerlmutter,Democratic,Colorado Senate,"University of Colorado Boulder (BA, JD)",2007,Arvada[18],"May 1, 1953 (age 69)"
Connecticut 1,John B. Larson,RepJohnLarson,https://twitter.com/RepJohnLarson,Democratic,"Connecticut Senate
East Hartford City Council
East Hartford Board of Education",Central Connecticut State University (BA),1999,East Hartford,"July 22, 1948 (age 74)"
Connecticut 2,Joe Courtney,RepJoeCourtney,https://twitter.com/RepJoeCourtney,Democratic,Connecticut House of Representatives,"Tufts University (BA)
University of Connecticut (JD)",2007,Vernon,"April 6, 1953 (age 69)"
Connecticut 3,Rosa DeLauro,rosadelauro,https://twitter.com/rosadelauro,Democratic,"Executive Director of EMILY's List
Political aide","Marymount College, Tarrytown (BA)
London School of Economics
(MA)
Columbia University (MA)",1991,New Haven,"March 2, 1943 (age 79)"
Connecticut 4,Jim Himes,jahimes,https://twitter.com/jahimes,Democratic,"Financial executive
Greenwich Housing Authority Board","Harvard University (BA)
St Edmund Hall, Oxford (MPhil)",2009,Cos Cob,"July 5, 1966 (age 56)"
Connecticut 5,Jahana Hayes,RepJahanaHayes,https://twitter.com/RepJahanaHayes,Democratic,Teacher,"Naugatuck Valley Community College
Southern Connecticut State University (BA)
University of Saint Joseph (MA)
University of Bridgeport (SYC)",2019,Wolcott,"March 8, 1973 (age 49)"
Delaware at-large,Lisa Blunt Rochester,RepLBR,https://twitter.com/RepLBR,Democratic,"Delaware Health and Social Services Secretary
Delaware Labor Secretary
Delaware Personnel Director","Fairleigh Dickinson University
(BA)
University of Delaware (MA)",2017,Wilmington,"February 10, 1962 (age 60)"
Florida 1,Matt Gaetz,RepMattGaetz,https://twitter.com/RepMattGaetz,Republican,Florida House of Representatives,"Florida State University (BS)
College of William & Mary (JD)",2017,Fort Walton Beach,"May 7, 1982 (age 40)"
Florida 2,Neal Dunn,DrNealDunnFL2,https://twitter.com/DrNealDunnFL2,Republican,Surgeon,"Washington and Lee University (BS)
George Washington University (MD)",2017,Panama City,"February 16, 1953 (age 69)"
Florida 3,Kat Cammack,RepKatCammack,https://twitter.com/RepKatCammack,Republican,Political advisor,"Metropolitan State University of Denver (BA)
Naval War College (MS)",2021,Gainesville,"February 16, 1988 (age 34)"
Florida 4,John Rutherford,RepRutherfordFL,https://twitter.com/RepRutherfordFL,Republican,Sheriff of Duval County,"Florida State College
Florida State University (BS)",2017,Jacksonville,"September 2, 1952 (age 69)"
Florida 5,Al Lawson,RepAlLawsonJr,https://twitter.com/RepAlLawsonJr,Democratic,Florida Senate,"Florida A&M University (BA)
Florida State University (MPA)",2017,Tallahassee,"September 23, 1948 (age 73)"
Florida 6,Michael Waltz,michaelgwaltz,https://twitter.com/michaelgwaltz,Republican,"U.S. Army
Intelligence analyst",Virginia Military Institute (BS),2019,St. Augustine Beach[19],"January 31, 1974 (age 48)"
Florida 7,Stephanie Murphy,MurphyforFL,https://twitter.com/MurphyforFL,Democratic,"Advisor
Educator","College of William & Mary (BA)
Georgetown University (MS)",2017,Winter Park,"September 16, 1978 (age 43)"
Florida 8,Bill Posey,congbillposey,https://twitter.com/congbillposey,Republican,"Florida Senate
Florida House of Representatives
Rockledge City Council",Eastern Florida State College,2009,Rockledge,"December 18, 1947 (age 74)"
Florida 9,Darren Soto,RepDarrenSoto,https://twitter.com/RepDarrenSoto,Democratic,"Florida Senate
Florida House of Representatives","Rutgers University–New Brunswick (BA)
George Washington University (JD)",2017,Kissimmee[20],"February 25, 1978 (age 44)"
Florida 10,Val Demings,RepValDemings,https://twitter.com/RepValDemings,Democratic,Chief of the Orlando Police Department,Florida State University (BS),2017,Orlando,"March 12, 1957 (age 65)"
Florida 11,Daniel Webster,RepWebster,https://twitter.com/RepWebster,Republican,"Florida Senate
Speaker of Florida House of Representatives",Georgia Institute of Technology (BS),2011,Clermont[21],"April 27, 1949 (age 73)"
Florida 12,Gus Bilirakis,RepGusBilirakis,https://twitter.com/RepGusBilirakis,Republican,Florida House of Representatives,"St. Petersburg College
University of Florida (BA)
Stetson University (JD)",2007,Palm Harbor,"February 8, 1963 (age 59)"
Florida 13,Charlie Crist,RepCharlieCrist,https://twitter.com/RepCharlieCrist,Democratic,"Governor of Florida
Attorney General of Florida
Education Commissioner of Florida
Florida Senate","Wake Forest University
Florida State University (BA)
Samford University (JD)",2017,St. Petersburg,"July 24, 1956 (age 66)"
Florida 14,Kathy Castor,USRepKCastor,https://twitter.com/USRepKCastor,Democratic,"Assistant General Counsel to the Florida Department of Community Affairs
President of the Florida Association of Women Lawyers
Hillsborough County Board of Commissioners","Emory University (BA)
Florida State University (JD)",2007,Tampa,"August 20, 1966 (age 56)"
Florida 15,Scott Franklin,RepFranklin,https://twitter.com/RepFranklin,Republican,Lakeland City Commission,"United States Naval Academy (BA)
Embry–Riddle Aeronautical University (MBA)",2021,Lakeland,"August 23, 1964 (age 58)"
Florida 16,Vern Buchanan,VernBuchanan,https://twitter.com/VernBuchanan,Republican,Auto dealer,"Cleary University (BA)
University of Detroit Mercy (MBA)",2007,Sarasota[22],"May 8, 1951 (age 71)"
Florida 17,Greg Steube,RepGregSteube,https://twitter.com/RepGregSteube,Republican,"Florida Senate
Florida House of Representatives","University of Florida (BS, JD)",2019,Sarasota,"May 19, 1978 (age 44)"
Florida 18,Brian Mast,RepBrianMast,https://twitter.com/RepBrianMast,Republican,U.S. Army Soldier,"Palm Beach Atlantic University
American Military University
Harvard University (BLA)",2017,Palm City[23],"July 10, 1980 (age 42)"
Florida 19,Byron Donalds,RepDonaldsPress,https://twitter.com/RepDonaldsPress,Republican,Florida House of Representatives,Florida State University (BS),2021,Naples,"October 26, 1978 (age 43)"
Florida 20,Sheila Cherfilus-McCormick,CongresswomanSC,https://twitter.com/CongresswomanSC,Democratic,CEO of Trinity Health,"Howard University (BA)
St. Thomas University (JD)",2022 (special),Miramar,"January 25, 1979 (age 43)"
Florida 21,Lois Frankel,RepLoisFrankel,https://twitter.com/RepLoisFrankel,Democratic,"Mayor of West Palm Beach
Florida House of Representatives","Boston University (BA)
Georgetown University (JD)",2013,West Palm Beach,"May 16, 1948 (age 74)"
Florida 22,Ted Deutch,RepTedDeutch,https://twitter.com/RepTedDeutch,Democratic,Florida Senate,"University of Michigan (BA, JD)",2010 (special),Boca Raton,"May 7, 1966 (age 56)"
Florida 23,Debbie Wasserman Schultz,RepDWStweets,https://twitter.com/RepDWStweets,Democratic,"Florida Senate
Florida House of Representatives
Democratic National Committee Chair","University of Florida (BA, MA)",2005,Weston,"September 27, 1966 (age 55)"
Florida 24,Frederica Wilson,RepWilson,https://twitter.com/RepWilson,Democratic,"Florida Senate
Florida House of Representatives
Miami-Dade County Public Schools Board","Fisk University (BA)
University of Miami (MA)",2011,Miami Gardens,"November 5, 1942 (age 79)"
Florida 25,Mario Díaz-Balart,MarioDB,https://twitter.com/MarioDB,Republican,"Florida Senate
Florida House of Representatives",University of South Florida (BA),2003,Miami,"September 25, 1961 (age 60)"
Florida 26,Carlos Giménez,MayorGimenez,https://twitter.com/MayorGimenez,Republican,"Mayor of Miami-Dade County
Miami-Dade County Commission",Barry University (BPA),2021,Miami,"January 17, 1954 (age 68)"
Florida 27,Maria Elvira Salazar,RepMariaSalazar,https://twitter.com/RepMariaSalazar,Republican,"News anchor
Journalist","Miami Dade College
University of Miami (BA)
Harvard University (MPA)",2021,Miami,"November 1, 1961 (age 60)"
Georgia 1,Buddy Carter,RepBuddyCarter,https://twitter.com/RepBuddyCarter,Republican,"Georgia Senate
Georgia House of Representatives
Mayor of Pooler","Young Harris College
University of Georgia (BS)",2015,Pooler,"September 6, 1957 (age 64)"
Georgia 2,Sanford Bishop,SanfordBishop,https://twitter.com/SanfordBishop,Democratic,"Georgia Senate
Georgia House of Representatives","Morehouse College (BA)
Emory University (JD)",1993,Albany,"February 4, 1947 (age 75)"
Georgia 3,Drew Ferguson,RepDrewFerguson,https://twitter.com/RepDrewFerguson,Republican,Mayor of West Point,"University of Georgia (BS)
Augusta University (DMD)",2017,West Point,"November 15, 1966 (age 55)"
Georgia 4,Hank Johnson,RepHankJohnson,https://twitter.com/RepHankJohnson,Democratic,"DeKalb County Commissioner
Associate Magistrate Judge","Clark Atlanta University (BA)
Texas Southern University (JD)",2007,Lithonia,"October 2, 1954 (age 67)"
Georgia 5,Nikema Williams,RepNikema,https://twitter.com/RepNikema,Democratic,"Georgia Senate
Chair of the Georgia Democratic Party",Talladega College (BA),2021,Atlanta,"July 30, 1978 (age 44)"
Georgia 6,Lucy McBath,RepLucyMcBath,https://twitter.com/RepLucyMcBath,Democratic,Activist,Virginia State University (BA),2019,Marietta,"June 1, 1960 (age 62)"
Georgia 7,Carolyn Bourdeaux,RepBourdeaux,https://twitter.com/RepBourdeaux,Democratic,Professor,"Yale University (BA)
University of Southern California (MPA)
Syracuse University (DPA)",2021,Suwanee,"June 3, 1970 (age 52)"
Georgia 8,Austin Scott,AustinScott4GA,https://twitter.com/AustinScott4GA,Republican,Georgia House of Representatives,University of Georgia (BA),2011,Tifton,"December 10, 1969 (age 52)"
Georgia 9,Andrew Clyde,Rep_Clyde,https://twitter.com/Rep_Clyde,Republican,U.S. Navy Commander,"University of Notre Dame (BA)
Bethel University (BBA)
University of Georgia (MBA)",2021,Athens,"November 22, 1963 (age 58)"
Georgia 10,Jody Hice,CongressmanHice,https://twitter.com/CongressmanHice,Republican,"Radio show host
Southern Baptist pastor","Asbury University (BA)
Southwestern Baptist Theological Seminary (MDiv)
Luther Rice College and Seminary (DMin)",2015,Greensboro[24],"April 22, 1960 (age 62)"
Georgia 11,Barry Loudermilk,RepLoudermilk,https://twitter.com/RepLoudermilk,Republican,"Georgia State Senate
Georgia House of Representatives","Air University
Wayland Baptist University (BS)",2015,Cassville,"December 22, 1963 (age 58)"
Georgia 12,Rick W. Allen,RepRickAllen,https://twitter.com/RepRickAllen,Republican,Businessman,Auburn University (BS),2015,Augusta,"November 7, 1951 (age 70)"
Georgia 13,David Scott,,,Democratic,"Georgia State Senate
Georgia House of Representatives","Florida A&M University (BA)
University of Pennsylvania (MBA)",2003,Atlanta,"June 27, 1945 (age 77)"
Georgia 14,Marjorie Taylor Greene,RepMTG,https://twitter.com/RepMTG,Republican,"Businesswoman
Activist",University of Georgia (BBA),2021,Rome[25],"May 27, 1974 (age 48)"
Hawaii 1,Ed Case,RepEdCase,https://twitter.com/RepEdCase,Democratic,"U.S. House
Hawaii House of Representatives","Williams College (BA)
University of California, Hastings (JD)",2019,Kaneohe,"September 27, 1952 (age 69)"
Hawaii 2,Kai Kahele,,,Democratic,Hawaii Senate,University of Hawai'i at Mānoa (BA),2021,Hilo,"March 28, 1974 (age 48)"
Idaho 1,Russ Fulcher,RepRussFulcher,https://twitter.com/RepRussFulcher,Republican,Idaho Senate,"Boise State University (BA, MBA)",2019,Meridian,"March 9, 1962 (age 60)"
Idaho 2,Mike Simpson,CongMikeSimpson,https://twitter.com/CongMikeSimpson,Republican,"Idaho House of Representatives
Blackfoot City Council","Utah State University (BS)
Washington University in St. Louis (DMD)",1999,Idaho Falls,"September 8, 1950 (age 71)"
Illinois 1,Bobby Rush,RepBobbyRush,https://twitter.com/RepBobbyRush,Democratic,Chicago City Council,"Roosevelt University (BGS)
University of Illinois Chicago (MA)
McCormick Theological Seminary (MA)",1993,Chicago[26],"November 23, 1946 (age 75)"
Illinois 2,Robin Kelly,RepRobinKelly,https://twitter.com/RepRobinKelly,Democratic,"Illinois House of Representatives
Chief of Staff to the Illinois Treasurer
Chief Administrative Officer to the Cook County President","Bradley University (BA, MA)
Northern Illinois University (PhD)",2013 (special),Matteson,"April 30, 1956 (age 66)"
Illinois 3,Marie Newman,Marie4Congress,https://twitter.com/Marie4Congress,Democratic,"Businesswoman
Activist",University of Wisconsin–Madison (BA),2021,La Grange,"April 13, 1964 (age 58)"
Illinois 4,"Jesús ""Chuy"" García",ChuyForCongress,https://twitter.com/ChuyForCongress,Democratic,"Cook County Board of Commissioners
Illinois Senate
Chicago City Council","University of Illinois Chicago (BA, MUP)",2019,Chicago,"April 12, 1956 (age 66)"
Illinois 5,Mike Quigley,RepMikeQuigley,https://twitter.com/RepMikeQuigley,Democratic,Cook County Board of Commissioners,"Roosevelt University (BA)
University of Chicago (MPP)
Loyola University Chicago (JD)",2009 (special),Chicago,"October 17, 1958 (age 63)"
Illinois 6,Sean Casten,RepCasten,https://twitter.com/RepCasten,Democratic,Entrepreneur,"Middlebury College (BA)
Dartmouth College (MSEM, MS)",2019,Downers Grove,"November 23, 1971 (age 50)"
Illinois 7,Danny K. Davis,RepDannyDavis,https://twitter.com/RepDannyDavis,Democratic,"Chicago City Council
Cook County Board of Commissioners","University of Arkansas at Pine Bluff (BA)
Chicago State University (MS)
Union Institute & University (PhD)",1997,Chicago,"September 6, 1941 (age 80)"
Illinois 8,Raja Krishnamoorthi,CongressmanRaja,https://twitter.com/CongressmanRaja,Democratic,"Public servant
Attorney","Princeton University (BS)
Harvard University (JD)",2017,Schaumburg,"July 19, 1973 (age 49)"
Illinois 9,Jan Schakowsky,janschakowsky,https://twitter.com/janschakowsky,Democratic,Illinois House of Representatives,University of Illinois Urbana-Champaign (BS),1999,Evanston,"May 26, 1944 (age 78)"
Illinois 10,Brad Schneider,RepSchneider,https://twitter.com/RepSchneider,Democratic,"U.S. House
Management consultant","Northwestern University (BS, MBA)",2017,Deerfield,"August 20, 1961 (age 61)"
Illinois 11,Bill Foster,RepBillFoster,https://twitter.com/RepBillFoster,Democratic,"U.S. House
Research physicist
Businessman","University of Wisconsin–Madison (BS)
Harvard University (MS, PhD)",2013,Naperville,"October 7, 1955 (age 66)"
Illinois 12,Mike Bost,RepBost,https://twitter.com/RepBost,Republican,"Illinois House of Representatives
Firefighter",–,2015,Murphysboro,"December 30, 1960 (age 61)"
Illinois 13,Rodney Davis,RodneyDavis,https://twitter.com/RodneyDavis,Republican,Congressional staffer,Millikin University (BA),2013,Taylorville,"January 5, 1970 (age 52)"
Illinois 14,Lauren Underwood,RepUnderwood,https://twitter.com/RepUnderwood,Democratic,Registered nurse,"University of Michigan (BSN)
Johns Hopkins University (MSN, MPH)",2019,Naperville,"October 4, 1986 (age 35)"
Illinois 15,Mary Miller,RepMaryMiller,https://twitter.com/RepMaryMiller,Republican,Farmer,"Eastern Illinois University (BA, BS)",2021,Oakland,"August 27, 1959 (age 63)"
Illinois 16,Adam Kinzinger,RepKinzinger,https://twitter.com/RepKinzinger,Republican,"McLean County Board of Commissioners
Air Force pilot",Illinois State University (BA),2011,Channahon[27],"February 27, 1978 (age 44)"
Illinois 17,Cheri Bustos,RepCheri,https://twitter.com/RepCheri,Democratic,"East Moline City Council
Healthcare executive
Journalist","University of Maryland, College Park (BA)
University of Illinois Springfield (MA)",2013,Moline[28],"October 17, 1961 (age 60)"
Illinois 18,Darin LaHood,RepLaHood,https://twitter.com/RepLaHood,Republican,"Illinois Senate
Prosecutor U.S. Attorney's Office
Deputy Prosecutor Tazewell County","Loras College (BA)
John Marshall Law School, Chicago (JD)",2015 (special),Peoria[29],"July 5, 1968 (age 54)"
Indiana 1,Frank J. Mrvan,RepMrvan,https://twitter.com/RepMrvan,Democratic,North Township Trustee,Ball State University (BS),2021,Highland[30],"April 16, 1969 (age 53)"
Indiana 3,Jim Banks,RepJimBanks,https://twitter.com/RepJimBanks,Republican,Indiana Senate,"Indiana University Bloomington (BA)
Grace College & Seminary (MBA)",2017,Columbia City,"July 16, 1979 (age 43)"
Indiana 4,Jim Baird,RepJimBaird,https://twitter.com/RepJimBaird,Republican,"Indiana House of Representatives
Putnam County Commission","Purdue University, West Lafayette (BS, MS)
University of Kentucky (PhD)",2019,Greencastle,"June 4, 1945 (age 77)"
Indiana 5,Victoria Spartz,RepSpartz,https://twitter.com/RepSpartz,Republican,Indiana Senate,"Kyiv National Economic University (BS, MBA)
Indiana University, Indianapolis (MAcc)",2021,Noblesville,"October 6, 1978 (age 43)"
Indiana 6,Greg Pence,RepGregPence,https://twitter.com/RepGregPence,Republican,Businessman,"Loyola University Chicago (BA, MBA)",2019,Columbus[31],"November 14, 1956 (age 65)"
Indiana 7,André Carson,RepAndreCarson,https://twitter.com/RepAndreCarson,Democratic,Indianapolis City-County Council,"Concordia University Wisconsin (BA)
Indiana Wesleyan University (MS)",2008 (special),Indianapolis[32],"October 16, 1974 (age 47)"
Indiana 8,Larry Bucshon,RepLarryBucshon,https://twitter.com/RepLarryBucshon,Republican,Heart surgeon,"University of Illinois Urbana-Champaign (BS)
University of Illinois Chicago (MD)",2011,Evansville[33],"May 31, 1962 (age 60)"
Indiana 9,Trey Hollingsworth,RepTrey,https://twitter.com/RepTrey,Republican,CEO of Hollingsworth Capital Partners,"University of Pennsylvania (BS)
Georgetown University (MPP)",2017,Jeffersonville,"September 12, 1983 (age 38)"
Iowa 1,Ashley Hinson,RepAshleyHinson,https://twitter.com/RepAshleyHinson,Republican,"Iowa House of Representatives
News anchor",University of Southern California (BA),2021,Marion,"June 27, 1983 (age 39)"
Iowa 2,Mariannette Miller-Meeks,RepMMM,https://twitter.com/RepMMM,Republican,"Iowa Senate
Physician
U.S. Army Lieutenant Colonel","Texas Christian University (BS)
University of Southern California (MS)
University of Texas, San Antonio (MD)",2021,Ottumwa,"September 6, 1955 (age 66)"
Iowa 3,Cindy Axne,RepCindyAxne,https://twitter.com/RepCindyAxne,Democratic,Businesswoman,"University of Iowa (BA)
Northwestern University (MBA)",2019,West Des Moines,"April 20, 1965 (age 57)"
Iowa 4,Randy Feenstra,RepFeenstra,https://twitter.com/RepFeenstra,Republican,"Iowa Senate
Sioux County Treasurer","Dordt University (BA)
Iowa State University (MPA)",2021,Hull,"January 14, 1969 (age 53)"
Kansas 1,Tracey Mann,RepMann,https://twitter.com/RepMann,Republican,"Lieutenant Governor of Kansas
Real estate agent
Businessman",Kansas State University (BS),2021,Salina,"December 17, 1976 (age 45)"
Kansas 2,Jake LaTurner,RepLaTurner,https://twitter.com/RepLaTurner,Republican,"Kansas State Treasurer
Kansas Senate",Pittsburg State University (BA),2021,Topeka[34],"February 17, 1988 (age 34)"
Kansas 3,Sharice Davids,RepDavids,https://twitter.com/RepDavids,Democratic,"Attorney
Mixed martial artist","Haskell Indian Nations University
University of Kansas
Johnson County Community College
University of Missouri–Kansas City (BA)
Cornell University (JD)",2019,Roeland Park[35],"May 22, 1980 (age 42)"
Kansas 4,Ron Estes,RepRonEstes,https://twitter.com/RepRonEstes,Republican,Kansas State Treasurer,"Tennessee Technological University (BS, MBA)",2017 (special),Wichita,"July 19, 1956 (age 66)"
Kentucky 1,James Comer,RepJamesComer,https://twitter.com/RepJamesComer,Republican,"Kentucky House of Representatives
Agriculture Commissioner of Kentucky",Western Kentucky University (BS),2016 (special),Tompkinsville,"August 19, 1972 (age 50)"
Kentucky 2,Brett Guthrie,RepGuthrie,https://twitter.com/RepGuthrie,Republican,Kentucky Senate,"United States Military Academy (BS)
Yale University (MBA)",2009,Bowling Green,"February 18, 1964 (age 58)"
Kentucky 3,John Yarmuth,RepJohnYarmuth,https://twitter.com/RepJohnYarmuth,Democratic,"Newspaper publisher
Vice-president for University Relations, University of Louisville","Yale University (BA)
Georgetown University",2007,Louisville,"November 4, 1947 (age 74)"
Kentucky 4,Thomas Massie,RepThomasMassie,https://twitter.com/RepThomasMassie,Republican,Judge-Executive of Lewis County,"Massachusetts Institute of Technology (BS, MS)",2012 (special),Garrison,"January 13, 1971 (age 51)"
Kentucky 5,Hal Rogers,RepHalRogers,https://twitter.com/RepHalRogers,Republican,Commonwealth's Attorney for Pulaski County and Rockcastle County,"Western Kentucky University (BA)
University of Kentucky (LLB)",1981,Somerset[36],"December 31, 1937 (age 84)"
Kentucky 6,Andy Barr,RepAndyBarr,https://twitter.com/RepAndyBarr,Republican,Attorney,"University of Virginia (BA)
University of Kentucky (JD)",2013,Lexington,"July 24, 1973 (age 49)"
Louisiana 1,Steve Scalise,SteveScalise,https://twitter.com/SteveScalise,Republican,"Louisiana State Senate
Louisiana House of Representatives",Louisiana State University (BS),2008 (special),Jefferson,"October 6, 1965 (age 56)"
Louisiana 2,Troy Carter,RepTroyCarter,https://twitter.com/reptroycarter,Democratic,"Louisiana State Senate
Louisiana House of Representatives
New Orleans City Council",Xavier University of Louisiana (BA),2021 (special),New Orleans,"October 26, 1963 (age 58)"
Louisiana 3,Clay Higgins,RepClayHiggins,https://twitter.com/RepClayHiggins,Republican,Reserve Deputy Marshal of Lafayette,Louisiana State University,2017,Lafayette[37],"August 24, 1961 (age 61)"
Louisiana 4,Mike Johnson,RepMikeJohnson,https://twitter.com/RepMikeJohnson,Republican,Louisiana House of Representatives,"Louisiana State University (BA, JD)",2017,Benton,"January 30, 1972 (age 50)"
Louisiana 5,Julia Letlow,RepJuliaLetlow,https://twitter.com/RepJuliaLetlow,Republican,College administrator,"University of Louisiana at Monroe (BA, MA)
University of South Florida (PhD)",2021 (special),Start,"March 16, 1981 (age 41)"
Louisiana 6,Garret Graves,RepGarretGraves,https://twitter.com/RepGarretGraves,Republican,Louisiana Coastal Protection and Restoration Authority,"University of Alabama
Louisiana Tech University
American University",2015,Baton Rouge,"January 31, 1972 (age 50)"
Maine 1,Chellie Pingree,chelliepingree,https://twitter.com/chelliepingree,Democratic,"Maine State Senate
President, Common Cause","University of Southern Maine
College of the Atlantic (BS)",2009,North Haven,"April 2, 1955 (age 67)"
Maine 2,Jared Golden,Jared Golden,https://twitter.com/RepGolden,Democratic,Maine House of Representatives,"University of Maine, Farmington
Bates College (BA)",2019,Lewiston,"July 25, 1982 (age 40)"
Maryland 1,Andy Harris,RepAndyHarrisMD,https://twitter.com/RepAndyHarrisMD,Republican,"Maryland State Senate
Anesthesiologist","Johns Hopkins University (BS, MD, MHS)",2011,Cockeysville,"January 25, 1957 (age 65)"
Maryland 2,Dutch Ruppersberger,Call_Me_Dutch,https://twitter.com/Call_Me_Dutch,Democratic,"Baltimore County Executive
Chief of the Office of Investigative Division for Maryland's Department of Justice
Baltimore County Assistant State's Attorney","Baltimore City College
University of Maryland, College Park (BA)
University of Baltimore (JD)",2003,Cockeysville[38],"January 31, 1946 (age 76)"
Maryland 3,John Sarbanes,RepSarbanes,https://twitter.com/RepSarbanes,Democratic,"Attorney
Law clerk","Princeton University (BA)
Harvard University (JD)",2007,Baltimore[39],"May 22, 1962 (age 60)"
Maryland 4,Anthony G. Brown,RepAnthonyBrown,https://twitter.com/RepAnthonyBrown,Democratic,"Lieutenant Governor of Maryland
Maryland House of Delegates","Harvard University (BA, JD)",2017,Bowie[40],"November 21, 1961 (age 60)"
Maryland 5,Steny Hoyer,StenyHoyer,https://twitter.com/StenyHoyer,Democratic,"President of the Maryland State Senate
Maryland Board of Higher Education","University of Maryland, College Park (BA)
Georgetown University (JD)",1981 (special),Mechanicsville,"June 14, 1939 (age 83)"
Maryland 6,David Trone,RepDavidTrone,https://twitter.com/RepDavidTrone,Democratic,Businessman,"Furman University (BA)
University of Pennsylvania (MBA)",2019,Potomac,"September 21, 1955 (age 66)"
Maryland 7,Kweisi Mfume,RepKweisiMfume,https://twitter.com/RepKweisiMfume,Democratic,"Baltimore City Council
U.S. House
President of the NAACP","Baltimore City Community College
Morgan State University (BA)
Johns Hopkins University (MA)",2020 (special),Baltimore,"October 24, 1948 (age 73)"
Maryland 8,Jamie Raskin,RepRaskin,https://twitter.com/RepRaskin,Democratic,Maryland State Senate Majority Whip,"Harvard University (BA, JD)",2017,Takoma Park,"December 13, 1962 (age 59)"
Massachusetts 1,Richard Neal,RepRichardNeal,https://twitter.com/RepRichardNeal,Democratic,Mayor of Springfield,"Holyoke Community College
American International College (BA)
University of Hartford (MA)",1989,Springfield,"February 14, 1949 (age 73)"
Massachusetts 2,Jim McGovern,RepMcGovern,https://twitter.com/RepMcGovern,Democratic,Congressional staff member,"American University (BA, MPA)",1997,Worcester,"November 20, 1959 (age 62)"
Massachusetts 3,Lori Trahan,RepLoriTrahan,https://twitter.com/RepLoriTrahan,Democratic,"Businesswoman, Chief of Staff to Rep. Marty Meehan",Georgetown University (BA),2019,Westford,"October 27, 1973 (age 48)"
Massachusetts 4,Jake Auchincloss,RepAuchincloss,https://twitter.com/RepAuchincloss,Democratic,Newton City Council,"Harvard University (BA)
Massachusetts Institute of Technology (MBA)",2021,Newton[41],"January 29, 1988 (age 34)"
Massachusetts 5,Katherine Clark,RepKClark,https://twitter.com/RepKClark,Democratic,"Massachusetts Senate
Massachusetts House of Representatives
Attorney","St. Lawrence University (BA)
Cornell University (JD)
Harvard University (MPA)",2013 (special),Melrose,"July 17, 1963 (age 59)"
Massachusetts 6,Seth Moulton,sethmoulton,https://twitter.com/sethmoulton,Democratic,"Businessman
Activist
U.S. Marine Corps Captain","Harvard University (BS, MBA, MPP)",2015,Salem,"October 24, 1978 (age 43)"
Massachusetts 7,Ayanna Pressley,RepPressley,https://twitter.com/RepPressley,Democratic,Boston City Council,Boston University,2019,Boston[42],"February 3, 1974 (age 48)"
Massachusetts 8,Stephen F. Lynch,RepLynch,https://twitter.com/RepLynch,Democratic,"Massachusetts Senate
Massachusetts House of Representatives","Wentworth Institute of Technology (BS)
Boston College (JD)
Harvard University (MPA)",2001 (special),Boston,"March 31, 1955 (age 67)"
Massachusetts 9,Bill Keating,USRepKeating,https://twitter.com/USRepKeating,Democratic,"Massachusetts House of Representatives
Massachusetts Senate
Norfolk County District Attorney","Boston College (BA, MBA)
Suffolk University (JD)",2011,Bourne,"September 6, 1952 (age 69)"
Michigan 1,Jack Bergman,RepJackBergman,https://twitter.com/RepJackBergman,Republican,U.S. Marine Corps Lieutenant General,"Gustavus Adolphus College (BA)
University of West Florida (MBA)",2017,Watersmeet,"February 2, 1947 (age 75)"
Michigan 2,Bill Huizenga,RepHuizenga,https://twitter.com/RepHuizenga,Republican,Michigan House of Representatives,Calvin College (BA),2011,Holland[43],"January 31, 1969 (age 53)"
Michigan 3,Peter Meijer,RepMeijer,https://twitter.com/RepMeijer,Republican,Businessman,"United States Military Academy
Columbia University (BA)
New York University (MBA)",2021,Grand Rapids,"January 10, 1988 (age 34)"
Michigan 4,John Moolenaar,RepMoolenaar,https://twitter.com/RepMoolenaar,Republican,"Michigan Senate
Michigan House of Representatives","Hope College (BS)
Harvard University (MPA)",2015,Midland,"May 8, 1961 (age 61)"
Michigan 5,Dan Kildee,RepDanKildee,https://twitter.com/RepDanKildee,Democratic,Genesee County Treasurer,"University of Michigan–Flint
Central Michigan University (BS)",2013,Flushing[44],"August 11, 1958 (age 64)"
Michigan 6,Fred Upton,RepFredUpton,https://twitter.com/RepFredUpton,Republican,U.S. government administrator,University of Michigan (BA),1987,St. Joseph,"April 23, 1953 (age 69)"
Michigan 7,Tim Walberg,RepWalberg,https://twitter.com/RepWalberg,Republican,"U.S. House
Michigan House of Representatives","Western Illinois University
Moody Bible Institute
Taylor University (BA)
Wheaton College, Illinois (MA)",2011,Tipton,"April 12, 1951 (age 71)"
Michigan 8,Elissa Slotkin,RepSlotkin,https://twitter.com/RepSlotkin,Democratic,Assistant Secretary of Defense for International Security Affairs,"Cornell University (BA)
Columbia University (MA)",2019,Holly,"July 10, 1976 (age 46)"
Michigan 9,Andy Levin,RepAndyLevin,https://twitter.com/RepAndyLevin,Democratic,Attorney,"Williams College (BA)
University of Michigan, Ann Arbor (MA)
Harvard University (JD)",2019,Bloomfield Township,"August 10, 1960 (age 62)"
Michigan 10,Lisa McClain,RepLisaMcClain,https://twitter.com/RepLisaMcClain,Republican,Businesswoman,"Lansing Community College
Northwood University (BA)",2021,Bruce[45],"April 7, 1966 (age 56)"
Michigan 11,Haley Stevens,RepHaleyStevens,https://twitter.com/RepHaleyStevens,Democratic,Presidential Task Force on the Auto Industry,"American University (BA, MA)",2019,Rochester Hills,"June 24, 1983 (age 39)"
Michigan 12,Debbie Dingell,RepDebDingell,https://twitter.com/RepDebDingell,Democratic,"President of the General Motors Foundation, Wayne State University Board of Governors, Lobbyist","Georgetown University (BS, MS)",2015,Dearborn,"November 23, 1953 (age 68)"
Michigan 13,Rashida Tlaib,RepRashida,https://twitter.com/RepRashida,Democratic,Michigan House of Representatives,"Wayne State University (BA)
Thomas M. Cooley Law School (JD)",2019,Detroit,"July 24, 1976 (age 46)"
Michigan 14,Brenda Lawrence,RepLawrence,https://twitter.com/RepLawrence,Democratic,Mayor of Southfield,"University of Detroit Mercy
Central Michigan University (BA)",2015,Southfield,"October 18, 1954 (age 67)"
Minnesota 1,Brad Finstad,repfinstad,https://twitter.com/repfinstad,Republican,"Director of USDA Rural Development for Minnesota
Minnesota House of Representatives",University of Minnesota (BS),2022 (special),New Ulm,"May 30, 1976 (age 46)"
Minnesota 2,Angie Craig,RepAngieCraig,https://twitter.com/RepAngieCraig,Democratic,"Medical technology executive
Reporter",University of Memphis (BA),2019,Eagan,"February 14, 1972 (age 50)"
Minnesota 3,Dean Phillips,RepDeanPhillips,https://twitter.com/RepDeanPhillips,Democratic,Businessman,"Brown University (BA)
University of Minnesota (MBA)",2019,Deephaven,"January 20, 1969 (age 53)"
Minnesota 4,Betty McCollum,BettyMcCollum04,https://twitter.com/BettyMcCollum04,Democratic,"North St. Paul City Council
Minnesota House of Representatives",St. Catherine University (BA),2001,Saint Paul,"July 12, 1954 (age 68)"
Minnesota 5,Ilhan Omar,Ilhan,https://twitter.com/Ilhan,Democratic,Minnesota House of Representatives,North Dakota State University (BA),2019,Minneapolis,"October 4, 1982 (age 39)"
Minnesota 6,Tom Emmer,RepTomEmmer,https://twitter.com/RepTomEmmer,Republican,Minnesota House of Representatives,"Boston College
University of Alaska Fairbanks (BA)
William Mitchell College of Law (JD)",2015,Delano,"March 3, 1961 (age 61)"
Minnesota 7,Michelle Fischbach,RepFischbach,https://twitter.com/RepFischbach,Republican,"Lieutenant Governor of Minnesota
President of the Minnesota Senate
Minnesota Senate","St. Cloud State University (BA)
William Mitchell College of Law (JD)",2021,Regal[46],"November 3, 1965 (age 56)"
Minnesota 8,Pete Stauber,RepPeteStauber,https://twitter.com/RepPeteStauber,Republican,"St. Louis County Commission
Police lieutenant
Professional hockey player",Lake Superior State University (BA),2019,Hermantown,"May 10, 1966 (age 56)"
Mississippi 1,Trent Kelly,RepTrentKelly,https://twitter.com/RepTrentKelly,Republican,"District attorney,
Tupelo City prosecutor
Army National Guard Colonel","East Central Community College
University of Mississippi (BA, JD)
United States Army War College (MA)",2015 (special),Saltillo,"March 1, 1966 (age 56)"
Mississippi 2,Bennie Thompson,BennieGThompson,https://twitter.com/BennieGThompson,Democratic,"Alderman and Mayor of Bolton
Hinds County Board of Supervisors","Tougaloo College (BA)
Jackson State University (MS)",1993 (special),Bolton,"January 28, 1948 (age 74)"
Mississippi 3,Michael Guest,RepMichaelGuest,https://twitter.com/RepMichaelGuest,Republican,District Attorney for Madison and Rankin Counties,"Mississippi State University (BS)
University of Mississippi (JD)",2019,Brandon,"February 4, 1970 (age 52)"
Mississippi 4,Steven Palazzo,CongPalazzo,https://twitter.com/CongPalazzo,Republican,Mississippi House of Representatives,"University of Southern Mississippi (BA, MPA)",2011,Biloxi[47],"February 21, 1970 (age 52)"
Missouri 1,Cori Bush,RepCori,https://twitter.com/RepCori,Democratic,"Registered nurse
Pastor
Activist",Lutheran School of Nursing (GrDip),2021,St. Louis,"July 21, 1976 (age 46)"
Missouri 2,Ann Wagner,RepAnnWagner,https://twitter.com/RepAnnWagner,Republican,U.S. Ambassador to Luxembourg,University of Missouri (BS),2013,Ballwin,"September 13, 1962 (age 59)"
Missouri 3,Blaine Luetkemeyer,RepBlaine,https://twitter.com/RepBlaine,Republican,"Missouri House of Representatives
State Tourism Director","Lincoln University, Missouri (BA)",2009,St. Elizabeth,"May 7, 1952 (age 70)"
Missouri 4,Vicky Hartzler,RepHartzler,https://twitter.com/RepHartzler,Republican,Missouri House of Representatives,"University of Missouri (BS)
University of Central Missouri (MS)",2011,Harrisonville,"October 13, 1960 (age 61)"
Missouri 5,Emanuel Cleaver,repcleaver,https://twitter.com/repcleaver,Democratic,"Mayor of Kansas City
Pastor
Radio show host","Prairie View A&M University (BS)
Saint Paul School of Theology (MDiv)",2005,Kansas City,"October 26, 1944 (age 77)"
Missouri 6,Sam Graves,RepSamGraves,https://twitter.com/RepSamGraves,Republican,Missouri Senate,University of Missouri (BS),2001,Tarkio,"November 7, 1963 (age 58)"
Missouri 7,Billy Long,USRepLong,https://twitter.com/USRepLong,Republican,Auctioneer,University of Missouri,2011,Springfield,"August 11, 1955 (age 67)"
Missouri 8,Jason Smith,RepJasonSmith,https://twitter.com/RepJasonSmith,Republican,Missouri House of Representatives,"University of Missouri (BS)
Oklahoma City University (JD)",2013 (special),Salem,"June 16, 1980 (age 42)"
Montana at-large,Matt Rosendale,RepRosendale,https://twitter.com/RepRosendale,Republican,"Montana State Auditor
Montana Senate
Montana House of Representatives",–,2021,Glendive,"July 7, 1960 (age 62)"
Nebraska 1,Mike Flood,SRepMikeFlood,https://twitter.com/USRepMikeFlood,Republican,Speaker of the Nebraska Legislature,"University of Notre Dame (BA)
University of Nebraska–Lincoln (JD)",2022 (special),Norfolk[48],"February 23, 1975 (age 47)"
Nebraska 2,Don Bacon,RepDonBacon,https://twitter.com/RepDonBacon,Republican,U.S. Air Force Brigadier General,"Northern Illinois University (BA)
University of Phoenix (MBA)
National Defense University (MA)",2017,Papillion,"August 16, 1963 (age 59)"
Nebraska 3,Adrian Smith,RepAdrianSmith,https://twitter.com/RepAdrianSmith,Republican,"Nebraska Legislature
Gering City Council","Liberty University
University of Nebraska–Lincoln (BA)",2007,Gering,"December 19, 1970 (age 51)"
Nevada 1,Dina Titus,repdinatitus,https://twitter.com/repdinatitus,Democratic,"U.S. House
Nevada Senate","College of William & Mary (BA)
University of Georgia (MA)
Florida State University (PhD)",2013,Las Vegas,"May 23, 1950 (age 72)"
Nevada 2,Mark Amodei,MarkAmodeiNV2,https://twitter.com/MarkAmodeiNV2,Republican,"Nevada Senate
Nevada Assembly","University of Nevada, Reno (BA)
University of the Pacific (JD)",2011 (special),Carson City,"June 12, 1958 (age 64)"
Nevada 3,Susie Lee,RepSusieLee,https://twitter.com/RepSusieLee,Democratic,Education advocate,"Carnegie Mellon University (BA, MS)",2019,Las Vegas,"November 7, 1966 (age 55)"
Nevada 4,Steven Horsford,RepHorsford,https://twitter.com/RepHorsford,Democratic,"U.S. House
Nevada Senate","University of Nevada, Reno (BA)",2019,Las Vegas,"April 29, 1973 (age 49)"
New Hampshire 1,Chris Pappas,RepChrisPappas,https://twitter.com/RepChrisPappas,Democratic,"New Hampshire Executive Council
Treasurer of Hillsborough County
New Hampshire House of Representatives",Harvard University (BA),2019,Manchester,"June 4, 1980 (age 42)"
New Hampshire 2,Annie Kuster,RepAnnieKuster,https://twitter.com/RepAnnieKuster,Democratic,"Attorney
Lobbyist","Dartmouth College (BA)
Georgetown University (JD)",2013,Hopkinton,"September 5, 1956 (age 65)"
New Jersey 1,Donald Norcross,DonaldNorcross,https://twitter.com/DonaldNorcross,Democratic,"New Jersey Senate
New Jersey General Assembly","Camden County College
Rutgers University-Camden",2014 (special),Camden,"December 13, 1958 (age 63)"
New Jersey 2,Jeff Van Drew,Congressman_JVD,https://twitter.com/Congressman_JVD,Republican,"New Jersey Senate
New Jersey General Assembly","Rutgers University–New Brunswick (BS)
Fairleigh Dickinson University (DMD)",2019,Dennis Township,"February 23, 1953 (age 69)"
New Jersey 3,Andy Kim,RepAndyKimNJ,https://twitter.com/RepAndyKimNJ,Democratic,National security adviser,"Deep Springs College
University of Chicago (BA)
Magdalen College, Oxford (MPhil, DPhil)",2019,Moorestown,"July 12, 1982 (age 40)"
New Jersey 4,Chris Smith,GovChristie,https://twitter.com/GovChristie,Republican,Retail executive,The College of New Jersey (BS),1981,Hamilton Township,"March 4, 1953 (age 69)"
New Jersey 5,Josh Gottheimer,RepJoshG,https://twitter.com/RepJoshG,Democratic,"Attorney
Political aide","University of Pennsylvania (BA)
Pembroke College, Oxford
Harvard University (JD)",2017,Wyckoff,"March 8, 1975 (age 47)"
New Jersey 6,Frank Pallone,FrankPallone,https://twitter.com/FrankPallone,Democratic,"New Jersey Senate
Long Branch City Council","Middlebury College (BA)
Tufts University (MA)
Rutgers University–Camden (JD)",1988 (special),Long Branch[49],"October 30, 1951 (age 70)"
New Jersey 7,Tom Malinowski,RepMalinowski,https://twitter.com/RepMalinowski,Democratic,"Assistant Secretary of State for Democracy, Human Rights, and Labor","University of California, Berkeley (BA)
St Antony's College, Oxford (MPhil)",2019,Rocky Hill[50][51],"October 23, 1965 (age 56)"
New Jersey 8,Albio Sires,RepSires,https://twitter.com/RepSires,Democratic,"Mayor of West New York
New Jersey General Assembly","Saint Peter's University (BA)
Middlebury College (MA)",2006 (special),West New York,"January 26, 1951 (age 71)"
New Jersey 9,Bill Pascrell,BillPascrell,https://twitter.com/BillPascrell,Democratic,"New Jersey General Assembly
Mayor of Paterson","Fordham University (BA, MA)",1997,Paterson,"January 25, 1937 (age 85)"
New Jersey 10,Donald Payne Jr.,RepDonaldPayne,https://twitter.com/RepDonaldPayne,Democratic,"Newark Municipal Council
Essex County Freeholder",Kean University,2012 (special),Newark,"December 17, 1958 (age 63)"
New Jersey 11,Mikie Sherrill,RepSherrill,https://twitter.com/RepSherrill,Democratic,"Assistant United States Attorney for the District of New Jersey
U.S. Navy helicopter pilot","United States Naval Academy (BS)
London School of Economics (MSc)
Georgetown University (JD)",2019,Montclair,"January 19, 1972 (age 50)"
New Jersey 12,Bonnie Watson Coleman,RepBonnie,https://twitter.com/RepBonnie,Democratic,New Jersey General Assembly,"Rutgers University-Camden
Thomas Edison State University (BA)",2015,Ewing Township,"February 6, 1945 (age 77)"
New Mexico 1,Melanie Stansbury,Rep_Stansbury,https://twitter.com/Rep_Stansbury,Democratic,New Mexico House of Representatives,"Saint Mary's College of California (BA)
Cornell University (MS)",2021 (special),Albuquerque,"January 31, 1979 (age 43)"
New Mexico 2,Yvette Herrell,RepHerrell,https://twitter.com/RepHerrell,Republican,New Mexico House of Representatives,ITT Technical Institute (GrCert),2021,Alamogordo,"March 16, 1964 (age 58)"
New Mexico 3,Teresa Leger Fernandez,RepTeresaLF,https://twitter.com/RepTeresaLF,Democratic,Attorney,"Yale University (BA)
Stanford University (JD)",2021,Santa Fe,"July 1, 1959 (age 63)"
New York 1,Lee Zeldin,RepLeeZeldin,https://twitter.com/RepLeeZeldin,Republican,New York Senate,"University at Albany, SUNY (BA)
Union University, New York (JD)",2015,Shirley,"January 30, 1980 (age 42)"
New York 2,Andrew Garbarino,RepGarbarino,https://twitter.com/RepGarbarino,Republican,New York State Assembly,"George Washington University (BA)
Hofstra University (JD)",2021,Sayville,"September 27, 1984 (age 37)"
New York 3,Thomas Suozzi,RepTomSuozzi,https://twitter.com/RepTomSuozzi,Democratic,"County Executive of Nassau County
Mayor of Glen Cove","Boston College (BA)
Fordham University (JD)",2017,Glen Cove,"August 31, 1962 (age 59)"
New York 4,Kathleen Rice,RepKathleenRice,https://twitter.com/RepKathleenRice,Democratic,District Attorney of Nassau County,"Catholic University of America (BA)
Touro College (JD)",2015,Garden City,"February 15, 1965 (age 57)"
New York 5,Gregory Meeks,RepGregoryMeeks,https://twitter.com/RepGregoryMeeks,Democratic,New York State Assembly,"Adelphi University (BA)
Howard University (JD)",1998 (special),Queens[52],"September 25, 1953 (age 68)"
New York 6,Grace Meng,RepGraceMeng,https://twitter.com/RepGraceMeng,Democratic,New York State Assembly,"University of Michigan (BA)
Yeshiva University (JD)",2013,Queens,"October 1, 1975 (age 46)"
New York 7,Nydia Velázquez,NydiaVelazquez,https://twitter.com/NydiaVelazquez,Democratic,"Director, Dept. of Puerto Rican Community Affairs","University of Puerto Rico, Río Piedras (BA)
New York University (MA)",1993,Brooklyn,"March 28, 1953 (age 69)"
New York 8,Hakeem Jeffries,RepJeffries,https://twitter.com/RepJeffries,Democratic,New York State Assembly,"Binghamton University (BA)
Georgetown University (MPP)
New York University (JD)",2013,Brooklyn,"August 4, 1970 (age 52)"
New York 9,Yvette Clarke,RepYvetteClarke,https://twitter.com/RepYvetteClarke,Democratic,New York City Council,"Oberlin College
Medgar Evers College",2007,Brooklyn,"November 21, 1964 (age 57)"
New York 10,Jerry Nadler,RepJerryNadler,https://twitter.com/RepJerryNadler,Democratic,New York State Assembly,"Columbia University (BA)
Fordham University (JD)",1992 (special),Manhattan,"June 13, 1947 (age 75)"
New York 11,Nicole Malliotakis,RepMalliotakis,https://twitter.com/RepMalliotakis,Republican,New York State Assembly,"Seton Hall University (BA)
Wagner College (MBA)",2021,Staten Island,"November 11, 1980 (age 41)"
New York 12,Carolyn Maloney,RepMaloney,https://twitter.com/RepMaloney,Democratic,New York City Council,Greensboro College (BA),1993,Manhattan,"February 19, 1946 (age 76)"
New York 13,Adriano Espaillat,RepEspaillat,https://twitter.com/RepEspaillat,Democratic,"New York State Senate
New York State Assembly","Queens College, City University of New York (BA)",2017,Manhattan,"September 27, 1954 (age 67)"
New York 14,Alexandria Ocasio-Cortez,RepAOC,https://twitter.com/RepAOC,Democratic,Bartender,Boston University (BA),2019,The Bronx,"October 13, 1989 (age 32)"
New York 15,Ritchie Torres,RepRitchie,https://twitter.com/RepRitchie,Democratic,New York City Council,New York University,2021,The Bronx,"March 12, 1988 (age 34)"
New York 16,Jamaal Bowman,RepBowman,https://twitter.com/RepBowman,Democratic,Middle school principal,"University of New Haven (BA)
Mercy College (MA)
Manhattanville College (EdD)",2021,Yonkers,"April 1, 1976 (age 46)"
New York 17,Mondaire Jones,MondaireJones,https://twitter.com/MondaireJones,Democratic,Attorney,"Stanford University (BA)
Harvard University (JD)",2021,Nyack,"May 18, 1987 (age 35)"
New York 18,Sean Patrick Maloney,RepSeanMaloney,https://twitter.com/RepSeanMaloney,Democratic,Attorney,"Georgetown University
University of Virginia (BA, JD)",2013,Cold Spring[53],"July 30, 1966 (age 56)"
New York 20,Paul Tonko,RepPaulTonko,https://twitter.com/RepPaulTonko,Democratic,New York State Assembly,Clarkson University (BS),2009,Amsterdam,"June 18, 1949 (age 73)"
New York 21,Elise Stefanik,RepStefanik,https://twitter.com/RepStefanik,Republican,"Civil servant
Political activist",Harvard University (BA),2015,Schuylerville,"July 2, 1984 (age 38)"
New York 22,Claudia Tenney,RepTenney,https://twitter.com/RepTenney,Republican,"U.S. House
New York State Assembly","Colgate University (BA)
University of Cincinnati (JD)",2021,New Hartford,"February 4, 1961 (age 61)"
New York 24,John Katko,RepJohnKatko,https://twitter.com/RepJohnKatko,Republican,"Attorney, Prosecutor U.S. Attorney's Office","Niagara University (BA)
Syracuse University (JD)",2015,Syracuse[54],"November 9, 1962 (age 59)"
New York 25,Joseph Morelle,RepJoeMorelle,https://twitter.com/RepJoeMorelle,Democratic,New York State Assembly,State University of New York at Geneseo (BA),2018 (special),Irondequoit,"April 29, 1957 (age 65)"
New York 26,Brian Higgins,RepBrianHiggins,https://twitter.com/RepBrianHiggins,Democratic,"Buffalo Common Council
New York State Assembly","Buffalo State College (BA, MA)
Harvard University (MPA)",2005,Buffalo,"October 6, 1959 (age 62)"
New York 27,Chris Jacobs,RepJacobs,https://twitter.com/RepJacobs,Republican,"New York State Senate
Secretary of State of New York
Erie County Clerk","Boston College (BA)
American University (MA)
University at Buffalo (JD)",2020 (special),Orchard Park,"November 28, 1966 (age 55)"
North Carolina 1,G. K. Butterfield,GKButterfield,https://twitter.com/GKButterfield,Democratic,North Carolina Supreme Court Justice,"North Carolina Central University (BA, JD)",2004 (special),Wilson,"April 27, 1947 (age 75)"
North Carolina 2,Deborah Ross,RepDeborahRoss,https://twitter.com/RepDeborahRoss,Democratic,North Carolina House of Representatives,"Brown University (AB)
University of North Carolina at Chapel Hill (JD)",2021,Raleigh,"June 20, 1963 (age 59)"
North Carolina 3,Greg Murphy,RepGregMurphy,https://twitter.com/RepGregMurphy,Republican,North Carolina House of Representatives,"Davidson College (BA)
University of North Carolina at Chapel Hill (MD)",2019 (special),Greenville,"March 5, 1963 (age 59)"
North Carolina 4,David Price,RepDavidEPrice,https://twitter.com/RepDavidEPrice,Democratic,"U.S. House
College professor","Mars Hill University
University of North Carolina at Chapel Hill (BA)
Yale University (BDiv, PhD)",1997,Chapel Hill,"August 17, 1940 (age 82)"
North Carolina 5,Virginia Foxx,virginiafoxx,https://twitter.com/virginiafoxx,Republican,North Carolina Senate,"University of North Carolina at Chapel Hill (BA)
University of North Carolina at Greensboro (MA, EdD)",2005,Banner Elk,"June 29, 1943 (age 79)"
North Carolina 6,Kathy Manning,RepKManning,https://twitter.com/RepKManning,Democratic,Attorney,"Harvard University (AB)
University of Michigan (JD)",2021,Greensboro,"December 3, 1956 (age 65)"
North Carolina 7,David Rouzer,RepDavidRouzer,https://twitter.com/RepDavidRouzer,Republican,North Carolina Senate,North Carolina State University (BS),2015,Wilmington[55],"February 16, 1972 (age 50)"
North Carolina 8,Richard Hudson,RepRichHudson,https://twitter.com/RepRichHudson,Republican,Businessman,University of North Carolina at Charlotte (BA),2013,Concord,"November 4, 1971 (age 50)"
North Carolina 9,Dan Bishop,RepDanBishop,https://twitter.com/RepDanBishop,Republican,"North Carolina Senate
North Carolina House of Representatives
Mecklenburg County Commission","University of North Carolina at Chapel Hill (BS, JD)",2019 (special),Charlotte,"July 1, 1964 (age 58)"
North Carolina 10,Patrick McHenry,PatrickMcHenry,https://twitter.com/PatrickMcHenry,Republican,North Carolina House of Representatives,"North Carolina State University
Belmont Abbey College (BA)",2005,Lake Norman[56],"October 22, 1975 (age 46)"
North Carolina 11,Madison Cawthorn,RepCawthorn,https://twitter.com/RepCawthorn,Republican,"Congressional staffer[57]
Restaurant worker[58]",Patrick Henry College,2021,Hendersonville,"August 1, 1995 (age 27)"
North Carolina 12,Alma Adams,RepAdams,https://twitter.com/RepAdams,Democratic,North Carolina House of Representatives,"North Carolina A&T State University (BS, MS)
Ohio State University (PhD)",2014 (special),Charlotte,"May 27, 1946 (age 76)"
North Carolina 13,Ted Budd,RepTedBudd,https://twitter.com/RepTedBudd,Republican,Businessman,"Appalachian State University (BS)
Dallas Theological Seminary (MA)
Wake Forest University (MBA)",2017,Advance,"October 21, 1971 (age 50)"
North Dakota at-large,Kelly Armstrong,RepArmstrongND,https://twitter.com/RepArmstrongND,Republican,"North Dakota Senate
Chair of the North Dakota Republican Party","University of North Dakota (BA, JD)",2019,Dickinson,"October 8, 1976 (age 45)"
Ohio 1,Steve Chabot,RepSteveChabot,https://twitter.com/RepSteveChabot,Republican,"Cincinnati City Council
Hamilton County Commissioner
U.S. House","College of William & Mary (BA)
Northern Kentucky University (JD)",2011,Cincinnati,"January 22, 1953 (age 69)"
Ohio 2,Brad Wenstrup,RepBradWenstrup,https://twitter.com/RepBradWenstrup,Republican,Physician,"University of Cincinnati (BA)
Rosalind Franklin University (BS, DPM)",2013,Cincinnati,"June 17, 1958 (age 64)"
Ohio 3,Joyce Beatty,RepBeatty,https://twitter.com/RepBeatty,Democratic,Ohio House of Representatives,"Central State University (BA)
Wright State University (MS)
University of Cincinnati",2013,Columbus,"March 12, 1950 (age 72)"
Ohio 4,Jim Jordan,Jim_Jordan,https://twitter.com/Jim_Jordan,Republican,"Ohio Senate
Ohio House of Representatives","University of Wisconsin–Madison (BS)
Ohio State University (MA)
Capital University (JD)",2007,Urbana[59],"February 17, 1964 (age 58)"
Ohio 5,Bob Latta,Boblatta,https://twitter.com/boblatta,Republican,"Wood County Commissioner
Ohio House of Representatives
Ohio Senate","Bowling Green State University (BA)
University of Toledo (JD)",2007,Bowling Green,"April 18, 1956 (age 66)"
Ohio 6,Bill Johnson,RepBillJohnson,https://twitter.com/RepBillJohnson,Republican,United States Air Force,"Troy University (BS)
Georgia Institute of Technology (MS)",2011,Marietta,"November 10, 1954 (age 67)"
Ohio 7,Bob Gibbs,RepBobGibbs,https://twitter.com/RepBobGibbs,Republican,"Ohio Senate
Ohio House of Representatives","Ohio State University, Wooster",2011,Lakeville[60],"June 14, 1954 (age 68)"
Ohio 8,Warren Davidson,WarrenDavidson,https://twitter.com/WarrenDavidson,Republican,Businessman,"United States Military Academy (BS)
University of Notre Dame (MBA)",2016 (special),Troy,"March 1, 1970 (age 52)"
Ohio 9,Marcy Kaptur,RepMarcyKaptur,https://twitter.com/RepMarcyKaptur,Democratic,"Domestic Policy Advisor, Carter Adm.","University of Wisconsin–Madison (BA)
University of Michigan (MUP)
Massachusetts Institute of Technology",1983,Toledo,"June 17, 1946 (age 76)"
Ohio 10,Mike Turner,RepMikeTurner,https://twitter.com/RepMikeTurner,Republican,Mayor of Dayton,"Ohio Northern University (BA)
Case Western Reserve University (JD)
University of Dayton (MBA)",2003,Dayton,"January 11, 1960 (age 62)"
Ohio 11,Shontel Brown,RepShontelBrown,https://twitter.com/RepShontelBrown,Democratic,Cuyahoga County Council,"Cuyahoga Community College (AS)
Wilberforce University (BS)",2021 (special),Warrensville Heights,"June 24, 1975 (age 47)"
Ohio 12,Troy Balderson,RepBalderson,https://twitter.com/RepBalderson,Republican,Ohio Senate,"Muskingum University
Ohio State University",2018 (special),Zanesville,"January 16, 1962 (age 60)"
Ohio 13,Tim Ryan,RepTimRyan,https://twitter.com/RepTimRyan,Democratic,Ohio Senate,"Youngstown State University
Bowling Green State University (BA)
University of New Hampshire, Concord (JD)",2003,Warren[61],"July 16, 1973 (age 49)"
Ohio 14,David Joyce,RepDaveJoyce,https://twitter.com/RepDaveJoyce,Republican,Geauga County Prosecutor,"University of Dayton (BS, JD)",2013,Russell Township[62],"March 17, 1957 (age 65)"
Ohio 15,Mike Carey,RepMikeCarey,https://twitter.com/RepMikeCarey,Republican,Lobbyist,"Marion Military Institute (AA)
Ohio State University (BA)",2021 (special),Columbus,"March 13, 1971 (age 51)"
Ohio 16,Anthony Gonzalez,RepAGonzalez,https://twitter.com/RepAGonzalez,Republican,Football player,"Ohio State University (BA)
Stanford University (MBA)",2019,Rocky River,"September 18, 1984 (age 37)"
Oklahoma 1,Kevin Hern,repkevinhern,https://twitter.com/repkevinhern,Republican,Businessman,"Arkansas Tech University (BS)
Georgia Institute of Technology
University of Arkansas, Little Rock (MBA)",2018 (special),Tulsa,"December 4, 1961 (age 60)"
Oklahoma 2,Markwayne Mullin,RepMullin,https://twitter.com/RepMullin,Republican,"Businessman
Mixed martial artist","Missouri Valley College
Oklahoma State University, Okmulgee",2013,Westville,"July 26, 1977 (age 45)"
Oklahoma 3,Frank Lucas,RepFrankLucas,https://twitter.com/RepFrankLucas,Republican,Oklahoma House of Representatives,Oklahoma State University–Stillwater (BS),1994 (special),Cheyenne[63],"January 6, 1960 (age 62)"
Oklahoma 4,Tom Cole,TomColeOK04,https://twitter.com/TomColeOK04,Republican,"Oklahoma Senate
Oklahoma Secretary of State
College professor","Grinnell College (BA)
Yale University (MA)
University of Oklahoma (PhD)",2003,Moore,"April 28, 1949 (age 73)"
Oklahoma 5,Stephanie Bice,RepBice,https://twitter.com/RepBice,Republican,Oklahoma Senate,"Oklahoma State University, Stillwater (BS)",2021,Oklahoma City[64],"November 11, 1973 (age 48)"
Oregon 1,Suzanne Bonamici,RepBonamici,https://twitter.com/RepBonamici,Democratic,"Oregon House of Representatives
Oregon State Senate","Lane Community College
University of Oregon (BA, JD)",2012 (special),Beaverton,"October 14, 1954 (age 67)"
Oregon 2,Cliff Bentz,RepBentz,https://twitter.com/RepBentz,Republican,Oregon State Senate,"Eastern Oregon University (BA)
Lewis and Clark College (JD)",2021,Ontario,"January 12, 1952 (age 70)"
Oregon 3,Earl Blumenauer,repblumenauer,https://twitter.com/repblumenauer,Democratic,"Oregon House of Representatives
Multnomah County Commissioner
Portland City Commissioner","Lewis & Clark College (BA, JD)",1996 (special),Portland,"August 16, 1948 (age 74)"
Oregon 4,Peter DeFazio,RepPeterDeFazio,https://twitter.com/RepPeterDeFazio,Democratic,Lane County Commissioner,"Tufts University (BA)
University of Oregon (MA)",1987,Springfield,"May 27, 1947 (age 75)"
Oregon 5,Kurt Schrader,RepSchrader,https://twitter.com/RepSchrader,Democratic,"Veterinarian
Oregon State Senate","Cornell University (BA)
University of Illinois Urbana-Champaign (BS, DVM)",2009,Canby,"October 19, 1951 (age 70)"
Pennsylvania 1,Brian Fitzpatrick,RepBrianFitz,https://twitter.com/RepBrianFitz,Republican,"FBI agent
Special Assistant U.S. Attorney","La Salle University (BS)
Pennsylvania State University (MBA)
Pennsylvania State University, Carlisle (JD)",2017,Levittown,"December 17, 1973 (age 48)"
Pennsylvania 2,Brendan Boyle,RepBrendanBoyle,https://twitter.com/RepBrendanBoyle,Democratic,Pennsylvania House of Representatives,"University of Notre Dame (BA)
Harvard University (MPP)",2015,Philadelphia,"February 6, 1977 (age 45)"
Pennsylvania 3,Dwight Evans,RepDwightEvans,https://twitter.com/RepDwightEvans,Democratic,Pennsylvania House of Representatives,"Community College of Philadelphia (AA)
La Salle University (BA)",2016 (special),Philadelphia,"May 16, 1954 (age 68)"
Pennsylvania 4,Madeleine Dean,RepDean,https://twitter.com/RepDean,Democratic,Pennsylvania House of Representatives,"La Salle University (BA)
Widener University (JD)",2019,Jenkintown[65],"June 6, 1959 (age 63)"
Pennsylvania 5,Mary Gay Scanlon,RepMGS,https://twitter.com/RepMGS,Democratic,Attorney,"Colgate University (BA)
University of Pennsylvania (JD)",2018 (special),Swarthmore,"August 30, 1959 (age 62)"
Pennsylvania 6,Chrissy Houlahan,RepHoulahan,https://twitter.com/RepHoulahan,Democratic,"Entrepreneur
U.S. Air Force","Stanford University (BS)
Massachusetts Institute of Technology (MS)",2019,Devon,"June 5, 1967 (age 55)"
Pennsylvania 7,Susan Wild,RepSusanWild,https://twitter.com/RepSusanWild,Democratic,Solicitor of Allentown,"American University (BA)
George Washington University (JD)",2018 (special),Allentown[66],"June 7, 1957 (age 65)"
Pennsylvania 8,Matt Cartwright,RepCartwright,https://twitter.com/RepCartwright,Democratic,Attorney,"Hamilton College, New York (BA)
University of Pennsylvania (JD)",2013,Moosic,"May 1, 1961 (age 61)"
Pennsylvania 9,Dan Meuser,RepMeuser,https://twitter.com/RepMeuser,Republican,Secretary of Revenue of Pennsylvania,"State University of New York Maritime College
Cornell University (BA)",2019,Dallas,"February 10, 1964 (age 58)"
Pennsylvania 10,Scott Perry,RepScottPerry,https://twitter.com/RepScottPerry,Republican,"Pennsylvania House of Representatives
Businessman
U.S. Army","Pennsylvania State University (BS)
United States Army War College (MS)",2013,Dillsburg[67],"May 27, 1962 (age 60)"
Pennsylvania 11,Lloyd Smucker,RepSmucker,https://twitter.com/RepSmucker,Republican,Pennsylvania Senate,"Lebanon Valley College
Franklin and Marshall College",2017,Lancaster[68],"January 23, 1964 (age 58)"
Pennsylvania 12,Fred Keller,RepFredKeller,https://twitter.com/RepFredKeller,Republican,Pennsylvania House of Representatives,–,2019 (special),Middleburg[69],"October 23, 1965 (age 56)"
Pennsylvania 13,John Joyce,RepJohnJoyce,https://twitter.com/RepJohnJoyce,Republican,Dermatologist,"Pennsylvania State University, Altoona
Pennsylvania State University, University Park (BS)
Temple University (MD)",2019,Hollidaysburg[70],"February 8, 1957 (age 65)"
Pennsylvania 14,Guy Reschenthaler,GReschenthaler,https://twitter.com/GReschenthaler,Republican,"Pennsylvania Senate
Judge
U.S. Navy","Pennsylvania State University, Behrend (BA)
Duquesne University (JD)",2019,Peters Township[71],"April 17, 1983 (age 39)"
Pennsylvania 15,Glenn Thompson,CongressmanGT,https://twitter.com/CongressmanGT,Republican,Chair of the Centre County Republican Committee,"Pennsylvania State University (BS)
Temple University (MEd)",2009,Howard[72],"July 27, 1959 (age 63)"
Pennsylvania 16,Mike Kelly,MikeKellyPA,https://twitter.com/MikeKellyPA,Republican,Butler City Council,University of Notre Dame (BA),2011,Butler,"May 10, 1948 (age 74)"
Pennsylvania 17,Conor Lamb,RepConorLamb,https://twitter.com/RepConorLamb,Democratic,"Assistant U.S. Attorney for the Western District of Pennsylvania
U.S. Marine Corps","University of Pennsylvania (BA, JD)",2018 (special),Mt. Lebanon,"June 27, 1984 (age 38)"
Pennsylvania 18,Mike Doyle,USRepMikeDoyle,https://twitter.com/USRepMikeDoyle,Democratic,Pennsylvania State Senate Chief of Staff,Pennsylvania State University (BS),1995,Pittsburgh,"August 5, 1953 (age 69)"
Rhode Island 1,David Cicilline,RepCicilline,https://twitter.com/RepCicilline,Democratic,"Mayor of Providence
Rhode Island House of Representatives","Brown University (BA)
Georgetown University (JD)",2011,Providence,"July 15, 1961 (age 61)"
Rhode Island 2,James Langevin,JimLangevin,https://twitter.com/JimLangevin,Democratic,"Secretary of State of Rhode Island
Rhode Island House of Representatives","Rhode Island College (BA)
Harvard University (MPA)",2001,Warwick,"April 22, 1964 (age 58)"
South Carolina 1,Nancy Mace,RepNancyMace,https://twitter.com/RepNancyMace,Republican,South Carolina House of Representatives,"The Citadel (BS)
University of Georgia (MS)",2021,Charleston,"December 4, 1977 (age 44)"
South Carolina 2,Joe Wilson,RepJoeWilson,https://twitter.com/RepJoeWilson,Republican,South Carolina Senate,"Washington and Lee University (BA)
University of South Carolina (JD)",2001 (special),Springdale[73],"July 31, 1947 (age 75)"
South Carolina 3,Jeff Duncan,RepJeffDuncan,https://twitter.com/RepJeffDuncan,Republican,South Carolina House of Representatives,Clemson University (BA),2011,Laurens,"January 7, 1966 (age 56)"
South Carolina 4,William Timmons,RepTimmons,https://twitter.com/RepTimmons,Republican,"Attorney
Entrepreneur","George Washington University (BA)
University of South Carolina (MA, JD)",2019,Greenville,"April 30, 1984 (age 38)"
South Carolina 5,Ralph Norman,RepRalphNorman,https://twitter.com/RepRalphNorman,Republican,"South Carolina House of Representatives
Real estate developer",Presbyterian College (BS),2017 (special),Rock Hill,"June 20, 1953 (age 69)"
South Carolina 6,Jim Clyburn,WhipClyburn,https://twitter.com/WhipClyburn,Democratic,"Political aide
Teacher",South Carolina State University (BA),1993,Columbia,"July 21, 1940 (age 82)"
South Carolina 7,Tom Rice,RepTomRice,https://twitter.com/RepTomRice,Republican,"Attorney
Businessman
Horry County Council Chair","University of South Carolina (BS, MA, JD)",2013,Myrtle Beach,"August 4, 1957 (age 65)"
South Dakota at-large,Dusty Johnson,RepDustyJohnson,https://twitter.com/RepDustyJohnson,Republican,"Chief of Staff to the Governor of South Dakota
South Dakota Public Utilities Commission","University of South Dakota (BA)
University of Kansas (MPA)",2019,Mitchell,"September 30, 1976 (age 45)"
Tennessee 1,Diana Harshbarger,RepHarshbarger,https://twitter.com/RepHarshbarger,Republican,Pharmacist,"East Tennessee State University (BS)
Mercer University (PharmD)",2021,Kingsport,"January 1, 1960 (age 62)"
Tennessee 2,Tim Burchett,RepTimBurchett,https://twitter.com/RepTimBurchett,Republican,"Mayor of Knox County
Tennessee Senate
Tennessee House of Representatives","University of Tennessee,
Knoxville (BS)",2019,Knoxville,"August 25, 1964 (age 58)"
Tennessee 3,Chuck Fleischmann,RepChuck,https://twitter.com/RepChuck,Republican,Attorney,"University of Illinois Urbana-Champaign (BA)
University of Tennessee (JD)",2011,Chattanooga[74],"October 11, 1962 (age 59)"
Tennessee 4,Scott DesJarlais,DesJarlaisTN04,https://twitter.com/DesJarlaisTN04,Republican,Physician,"University of South Dakota (BS, MD)",2011,Sherwood[75],"February 21, 1964 (age 58)"
Tennessee 5,Jim Cooper,repjimcooper,https://twitter.com/repjimcooper,Democratic,"U.S. House
College professor","University of North Carolina at Chapel Hill (BA)
Oriel College, Oxford (MA)
Harvard University (JD)",2003,Nashville,"June 19, 1954 (age 68)"
Tennessee 6,John Rose,RepJohnRose,https://twitter.com/RepJohnRose,Republican,Commissioner of Agriculture of Tennessee,"Tennessee Technological University (BS)
Purdue University, West Lafayette (MS)
Vanderbilt University (JD)",2019,Cookeville,"February 23, 1965 (age 57)"
Tennessee 7,Mark E. Green,RepMarkGreen,https://twitter.com/RepMarkGreen,Republican,Tennessee Senate,"United States Military Academy (BS)
University of Southern California (MA)
Wright State University (MD)",2019,Clarksville,"November 8, 1964 (age 57)"
Tennessee 8,David Kustoff,RepDavidKustoff,https://twitter.com/RepDavidKustoff,Republican,Attorney for the United States District Court for the Western District of Tennessee,"University of Memphis (BA, JD)",2017,Germantown[76],"October 8, 1966 (age 55)"
Tennessee 9,Steve Cohen,RepCohen,https://twitter.com/RepCohen,Democratic,"Tennessee Senate
Attorney","Vanderbilt University (BA)
University of Memphis (JD)",2007,Memphis,"May 24, 1949 (age 73)"
Texas 1,Louie Gohmert,replouiegohmert,https://twitter.com/replouiegohmert,Republican,Texas appeals court judge,"Texas A&M University (BA)
Baylor University (JD)",2005,Tyler,"August 18, 1953 (age 69)"
Texas 2,Dan Crenshaw,RepDanCrenshaw,https://twitter.com/RepDanCrenshaw,Republican,U.S. Navy SEAL,"Tufts University (BA)
Harvard University (MPA)",2019,Houston[77],"March 14, 1984 (age 38)"
Texas 3,Van Taylor,RepVanTaylor,https://twitter.com/RepVanTaylor,Republican,"Texas Senate
Texas House of Representatives","Harvard University (BA, MBA)",2019,Plano,"August 1, 1972 (age 50)"
Texas 4,Pat Fallon,RepPatFallon,https://twitter.com/RepPatFallon,Republican,"Texas Senate
Texas House of Representatives
United States Air Force second lieutenant",University of Notre Dame (BA),2021,Sherman[78],"December 19, 1967 (age 54)"
Texas 5,Lance Gooden,Lancegooden,https://twitter.com/Lancegooden,Republican,Texas House of Representatives,"University of Texas, Austin (BA, BBA)",2019,Terrell[79],"December 1, 1982 (age 39)"
Texas 6,Jake Ellzey,RepEllzey,https://twitter.com/RepEllzey,Republican,"Texas House of Representatives
United States Navy commander",United States Naval Academy (BS),2021 (special),Midlothian,"January 24, 1970 (age 52)"
Texas 7,Lizzie Pannill Fletcher,RepFletcher,https://twitter.com/RepFletcher,Democratic,Attorney,"Kenyon College (BA)
College of William and Mary (JD)",2019,Houston,"February 13, 1975 (age 47)"
Texas 8,Kevin Brady,RepKevinBrady,https://twitter.com/RepKevinBrady,Republican,Texas House of Representatives,University of South Dakota (BA),1997,The Woodlands,"April 11, 1955 (age 67)"
Texas 9,Al Green,RepAlGreen,https://twitter.com/RepAlGreen,Democratic,"Harris County Justice of the Peace
Houston NAACP president","Florida A&M University
Tuskegee University (BA)
Texas Southern University (JD)",2005,Houston,"September 1, 1947 (age 74)"
Texas 10,Michael McCaul,RepMcCaul,https://twitter.com/RepMcCaul,Republican,"Attorney
Federal prosecutor","Trinity University (BA)
St. Mary's University, Texas (JD)",2005,Austin[80],"January 14, 1962 (age 60)"
Texas 11,August Pfluger,RepPfluger,https://twitter.com/RepPfluger,Republican,"U.S. National Security Council
United States Air Force Lieutenant colonel","United States Air Force Academy (BS)
Embry–Riddle Aeronautical University (MS)
Air University (MS)
Georgetown University (MS)",2021,San Angelo,"December 28, 1978 (age 43)"
Texas 12,Kay Granger,RepKayGranger,https://twitter.com/RepKayGranger,Republican,Mayor of Fort Worth,Texas Wesleyan University (BA),1997,Fort Worth,"January 18, 1943 (age 79)"
Texas 13,Ronny Jackson,RepRonnyJackson,https://twitter.com/RepRonnyJackson,Republican,"Chief Medical Advisor to the President
Physician to the President
United States Navy Rear admiral","Texas A&M University (BS)
University of Texas Medical Branch (MD)",2021,Amarillo,"May 4, 1967 (age 55)"
Texas 14,Randy Weber,TXRandy14,https://twitter.com/TXRandy14,Republican,"Texas House of Representatives
Pearland City Council","Alvin Community College
University of Houston–Clear Lake (BS)",2013,Friendswood[81],"July 2, 1953 (age 69)"
Texas 15,Vicente Gonzalez,RepGonzalez,https://twitter.com/RepGonzalez,Democratic,"Food processing executive
Texas State Board of Education","Embry–Riddle Aeronautical University (BA)
Texas Wesleyan University (JD)",2017,McAllen,"September 4, 1967 (age 54)"
Texas 16,Veronica Escobar,RepEscobar,https://twitter.com/RepEscobar,Democratic,"El Paso County Commission
El Paso County Judge","University of Texas, El Paso (BA)
New York University (MA)",2019,El Paso,"September 15, 1969 (age 52)"
Texas 17,Pete Sessions,PeteSessions,https://twitter.com/PeteSessions,Republican,U.S. House,Southwestern University (BS),2021,Waco,"March 22, 1955 (age 67)"
Texas 18,Sheila Jackson Lee,JacksonLeeTX18,https://twitter.com/JacksonLeeTX18,Democratic,"Houston City Council
Municipal judge","Yale University (BA)
University of Virginia (JD)",1995,Houston,"January 12, 1950 (age 72)"
Texas 19,Jodey Arrington,RepArrington,https://twitter.com/RepArrington,Republican,"Educator
Public administrator
White House aide","Texas Tech University (BA, MPA)",2017,Lubbock,"March 9, 1972 (age 50)"
Texas 20,Joaquin Castro,JoaquinCastrotx,https://twitter.com/JoaquinCastrotx,Democratic,Texas House of Representatives,"Stanford University (BA)
Harvard University (JD)",2013,San Antonio,"September 16, 1974 (age 47)"
Texas 21,Chip Roy,RepChipRoy,https://twitter.com/RepChipRoy,Republican,First Assistant Attorney General of Texas,"University of Virginia (BS, MS)
University of Texas, Austin (JD)",2019,Austin,"August 7, 1972 (age 50)"
Texas 22,Troy Nehls,RepTroyNehls,https://twitter.com/RepTroyNehls,Republican,Sheriff of Fort Bend County,"Liberty University (BA)
University of Houston–Downtown (MA)",2021,Richmond,"April 7, 1968 (age 54)"
Texas 23,Tony Gonzales,RepTonyGonzales,https://twitter.com/RepTonyGonzales,Republican,United States Navy Master Chief Petty Officer,"Chaminade University (AA)
Excelsior College (BS)
American Public University (MA)",2021,San Antonio,"October 10, 1980 (age 41)"
Texas 24,Beth Van Duyne,RepBethVanDuyne,https://twitter.com/RepBethVanDuyne,Republican,Mayor of Irving,Cornell University (BA),2021,Irving,"November 16, 1970 (age 51)"
Texas 25,Roger Williams,RepRWilliams,https://twitter.com/RepRWilliams,Republican,Secretary of State of Texas,Texas Christian University (BA),2013,Austin[82],"September 13, 1949 (age 72)"
Texas 26,Michael C. Burgess,michaelcburgess,https://twitter.com/michaelcburgess,Republican,Physician,"University of North Texas (BS, MS)
University of Texas, Houston (MD)
University of Texas at Dallas (MS)",2003,Pilot Point[83],"December 23, 1950 (age 71)"
Texas 27,Michael Cloud,RepCloudTX,https://twitter.com/RepCloudTX,Republican,Chair of the Victoria County Republican Party,Oral Roberts University (BS),2018 (special),Victoria,"May 13, 1975 (age 47)"
Texas 28,Henry Cuellar,RepCuellar,https://twitter.com/RepCuellar,Democratic,"Texas House of Representatives
Texas Secretary of State","Laredo Community College
Georgetown University (BA)
University of Texas at Austin (JD, PhD)
Texas A&M International University (MA)",2005,Laredo,"September 19, 1955 (age 66)"
Texas 29,Sylvia Garcia,RepSylviaGarcia,https://twitter.com/RepSylviaGarcia,Democratic,Texas Senate,"Texas Woman's University (BA)
Texas Southern University (JD)",2019,Houston,"September 6, 1950 (age 71)"
Texas 30,Eddie Bernice Johnson,RepEBJ,https://twitter.com/RepEBJ,Democratic,"Texas Senate
Nurse","St Mary's College, Indiana
Texas Christian University (BS)
Southern Methodist University (MPA)",1993,Dallas,"December 3, 1935 (age 86)"
Texas 31,John Carter,JudgeCarter,https://twitter.com/JudgeCarter,Republican,Texas state district judge,"Texas Tech University (BA)
University of Texas at Austin (JD)",2003,Round Rock,"November 6, 1941 (age 80)"
Texas 32,Colin Allred,RepColinAllred,https://twitter.com/RepColinAllred,Democratic,"Attorney
Football player","Baylor University (BA)
University of California, Berkeley (JD)",2019,Dallas,"April 15, 1983 (age 39)"
Texas 33,Marc Veasey,RepVeasey,https://twitter.com/RepVeasey,Democratic,Texas House of Representatives,Texas Wesleyan University (BA),2013,Fort Worth,"January 3, 1971 (age 51)"
Texas 34,Mayra Flores,repmayraflores,https://twitter.com/search?q=Mayra%20Flores&src=typed_query&f=user,Republican,Respiratory therapist,"Texas State Technical College, Harlingen (AA)
South Texas College (BS)",2022 (special),McAllen[84],"January 1, 1986 (age 36)"
Texas 35,Lloyd Doggett,RepLloydDoggett,https://twitter.com/RepLloydDoggett,Democratic,"Texas Senate
Texas Supreme Court justice
College professor","University of Texas at Austin (BA, JD)",1995,Austin,"October 6, 1946 (age 75)"
Texas 36,Brian Babin,RepBrianBabin,https://twitter.com/RepBrianBabin,Republican,"Lower Neches Valley Authority
Texas Historical Commission
Mayor of Woodville","Lamar University (BS)
University of Texas, Houston (DDS)",2015,Woodville,"March 23, 1948 (age 74)"
Utah 1,Blake Moore,RepBlakeMoore,https://twitter.com/RepBlakeMoore,Republican,United States Foreign Service officer,"University of Utah (BA)
Northwestern University (MS)",2021,Salt Lake City[85],"June 22, 1980 (age 42)"
Utah 2,Chris Stewart,RepChrisStewart,https://twitter.com/RepChrisStewart,Republican,"Author
Businessman",Utah State University (BA),2013,Farmington,"July 15, 1960 (age 62)"
Utah 3,John Curtis,RepJohnCurtis,https://twitter.com/RepJohnCurtis,Republican,Mayor of Provo,Brigham Young University (BS),2017 (special),Provo,"May 10, 1960 (age 62)"
Utah 4,Burgess Owens,RepBurgessOwens,https://twitter.com/RepBurgessOwens,Republican,"Businessman
National Football League player",University of Miami (BS),2021,Salt Lake City[86],"August 2, 1951 (age 71)"
Vermont at-large,Peter Welch,PeterWelch,https://twitter.com/PeterWelch,Democratic,Vermont Senate President Pro Tempore,"College of the Holy Cross (BA)
University of California, Berkeley (JD)",2007,Norwich,"May 2, 1947 (age 75)"
Virginia 1,Rob Wittman,RobWittman,https://twitter.com/RobWittman,Republican,"Mayor of Montross
Westmoreland County Board of Supervisors
Virginia House of Delegates","Virginia Tech (BS)
University of North Carolina at Chapel Hill (MPH)
Virginia Commonwealth University (PhD)",2007 (special),Montross,"February 3, 1959 (age 63)"
Virginia 2,Elaine Luria,RepElaineLuria,https://twitter.com/RepElaineLuria,Democratic,U.S. Navy Commander,"United States Naval Academy (BS)
Old Dominion University (MS)",2019,Norfolk,"August 15, 1975 (age 47)"
Virginia 3,Bobby Scott,BobbyScott,https://twitter.com/BobbyScott,Democratic,"Virginia Senate
Virginia House of Delegates","Harvard University (BA)
Boston College (JD)",1993,Newport News,"April 30, 1947 (age 75)"
Virginia 4,Donald McEachin,RepMcEachin,https://twitter.com/RepMcEachin,Democratic,"Virginia Senate
Virginia House of Delegates","American University (BA)
University of Virginia (JD)
Virginia Union University (MDiv)",2017,Richmond[87],"October 10, 1961 (age 60)"
Virginia 5,Bob Good,RepBobGood,https://twitter.com/RepBobGood,Republican,"Liberty University Athletic Director
Campbell County Board of Supervisors","Liberty University (BS, MBA)",2021,Evington[88],"September 11, 1965 (age 56)"
Virginia 6,Ben Cline,RepBenCline,https://twitter.com/RepBenCline,Republican,Virginia House of Delegates,"Bates College (BA)
University of Richmond (JD)",2019,Rockbridge County,"February 29, 1972 (age 50)"
Virginia 7,Abigail Spanberger,RepSpanberger,https://twitter.com/RepSpanberger,Democratic,CIA operations officer,"University of Virginia (BA)
Purdue University (MBA)",2019,Glen Allen,"August 7, 1979 (age 43)"
Virginia 8,Don Beyer,RepDonBeyer,https://twitter.com/RepDonBeyer,Democratic,"U.S. Ambassador to Switzerland and Liechtenstein
Lieutenant Governor of Virginia",Williams College (BA),2015,Alexandria,"June 20, 1950 (age 72)"
Virginia 9,Morgan Griffith,RepMGriffith,https://twitter.com/RepMGriffith,Republican,Virginia House of Delegates,"Emory and Henry College (BA)
Washington and Lee University (JD)",2011,Salem,"March 15, 1958 (age 64)"
Virginia 10,Jennifer Wexton,RepWexton,https://twitter.com/RepWexton,Democratic,Virginia Senate,"University of Maryland, College Park (BA)
College of William and Mary (JD)",2019,Leesburg,"May 27, 1968 (age 54)"
Virginia 11,Gerry Connolly,GerryConnolly,https://twitter.com/GerryConnolly,Democratic,Fairfax County Board of Supervisors Chair,"Maryknoll College (Glen Ellyn, Illinois)[89] (BA)
Harvard University (MPA)",2009,Fairfax,"March 30, 1950 (age 72)"
Washington 1,Suzan DelBene,RepDelBene,https://twitter.com/RepDelBene,Democratic,Washington Department of Revenue Director,"Reed College (BS)
University of Washington (MBA)",2012 (special),Medina,"February 17, 1962 (age 60)"
Washington 2,Rick Larsen,RepRickLarsen,https://twitter.com/RepRickLarsen,Democratic,Snohomish County Council,"Pacific Lutheran University (BA)
University of Minnesota (MPA)",2001,Everett[90],"June 15, 1965 (age 57)"
Washington 3,Jaime Herrera Beutler,HerreraBeutler,https://twitter.com/HerreraBeutler,Republican,Washington House of Representatives,"Bellevue College
University of Washington (BA)",2011,Battle Ground[91],"November 3, 1978 (age 43)"
Washington 4,Dan Newhouse,RepNewhouse,https://twitter.com/RepNewhouse,Republican,Washington House of Representatives,Washington State University (BS),2015,Sunnyside,"July 10, 1955 (age 67)"
Washington 5,Cathy McMorris Rodgers,cathymcmorris,https://twitter.com/cathymcmorris,Republican,Washington House of Representatives,"Pensacola Christian College (BA)
University of Washington (MBA)",2005,Spokane[92],"May 22, 1969 (age 53)"
Washington 6,Derek Kilmer,RepDerekKilmer,https://twitter.com/RepDerekKilmer,Democratic,Washington State Senate,"Princeton University (BA)
University of Oxford (MA, PhD)",2013,Gig Harbor[93],"January 1, 1974 (age 48)"
Washington 7,Pramila Jayapal,RepJayapal,https://twitter.com/RepJayapal,Democratic,Washington State Senate,"Georgetown University (BA)
Northwestern University (MBA)",2017,Seattle,"September 21, 1965 (age 56)"
Washington 8,Kim Schrier,RepKimSchrier,https://twitter.com/RepKimSchrier,Democratic,Pediatrician,"University of California, Berkeley (BS)
University of California, Davis (MD)",2019,Sammamish,"August 23, 1968 (age 54)"
Washington 9,Adam Smith,RepAdamSmith,https://twitter.com/RepAdamSmith,Democratic,Washington State Senate,"Western Washington University
Fordham University (BA)
University of Washington (JD)",1997,Bellevue,"June 15, 1965 (age 57)"
Washington 10,Marilyn Strickland,RepStricklandWA,https://twitter.com/RepStricklandWA,Democratic,Mayor of Tacoma,"University of Washington (BA)
Clark Atlanta University (MBA)",2021,Tacoma,"September 25, 1962 (age 59)"
West Virginia 1,David McKinley,RepMcKinley,https://twitter.com/RepMcKinley,Republican,"West Virginia House of Delegates
Businessman",Purdue University (BS),2011,Wheeling,"March 28, 1947 (age 75)"
West Virginia 2,Alex Mooney,RepAlexMooney,https://twitter.com/RepAlexMooney,Republican,Maryland Senate,Dartmouth College (BA),2015,Charles Town,"June 7, 1971 (age 51)"
West Virginia 3,Carol Miller,RepCarolMiller,https://twitter.com/RepCarolMiller,Republican,West Virginia House of Delegates,"Columbia College, South Carolina (BA)",2019,Huntington[94],"November 4, 1950 (age 71)"
Wisconsin 1,Bryan Steil,RepBryanSteil,https://twitter.com/RepBryanSteil,Republican,"Congressional aide
Attorney","Georgetown University (BS)
University of Wisconsin–Madison (JD)",2019,Janesville,"March 3, 1981 (age 41)"
Wisconsin 2,Mark Pocan,RepMarkPocan,https://twitter.com/RepMarkPocan,Democratic,Wisconsin State Assembly,University of Wisconsin–Madison (BA),2013,Vermont[95],"August 14, 1964 (age 58)"
Wisconsin 3,Ron Kind,RepRonKind,https://twitter.com/RepRonKind,Democratic,County Prosecutor,"Harvard University (BA)
London School of Economics
(MA)
University of Minnesota (JD)",1997,La Crosse,"March 16, 1963 (age 59)"
Wisconsin 4,Gwen Moore,RepGwenMoore,https://twitter.com/RepGwenMoore,Democratic,"Wisconsin State Senate
Wisconsin State Assembly",Marquette University (BA),2005,Milwaukee,"April 18, 1951 (age 71)"
Wisconsin 5,Scott Fitzgerald,RepFitzgerald,https://twitter.com/RepFitzgerald,Republican,Wisconsin State Senate,University of Wisconsin–Oshkosh (BS),2021,Clyman[96],"November 16, 1963 (age 58)"
Wisconsin 6,Glenn Grothman,RepGrothman,https://twitter.com/RepGrothman,Republican,"Wisconsin Senate
Wisconsin State Assembly","University of Wisconsin–Madison (BA, JD)",2015,Glenbeulah[97],"July 3, 1955 (age 67)"
Wisconsin 7,Tom Tiffany,RepTiffany,https://twitter.com/RepTiffany,Republican,"Wisconsin Senate
Wisconsin State Assembly",University of Wisconsin–River Falls (BS),2020 (special),Minocqua,"December 30, 1957 (age 64)"
Wisconsin 8,Mike Gallagher,@RepGallagher,https://twitter.com/RepGallagher,Republican,"Political advisor
U.S. Marine Corps","Princeton University (BA)
National Intelligence University (MS)
Georgetown University (MA, MS, PhD)",2017,Green Bay,"March 3, 1984 (age 38)"
Wyoming at-large,Liz Cheney,RepLizCheney,https://twitter.com/RepLizCheney,Republican,Principal Deputy Assistant Secretary of State for Near Eastern Affairs,"Colorado College (BA)
University of Chicago (JD)",2017,Wilson[98],"July 28, 1966 (age 56)"